title,company,location,salary,skills,link,salary_min,salary_max,mid_salary,is_remote,has_english
Privacy Data Analyst with Spanish,TP Poland Sp. z o.o.,Kraków,5500  – 6500  PLN,Obsługa klienta,/pl/job/privacy-data-analyst-with-spanish-tp-poland-cracow,5500.0,6500.0,6000.0,False,False
Privacy Data Analyst with Spanish,TP Poland Sp. z o.o.,Kraków,5500  – 6500  PLN,Protocols,/pl/job/privacy-data-analyst-with-spanish-tp-poland-cracow,5500.0,6500.0,6000.0,False,False
Privacy Data Analyst with Spanish,TP Poland Sp. z o.o.,Kraków,5500  – 6500  PLN,Communication skills,/pl/job/privacy-data-analyst-with-spanish-tp-poland-cracow,5500.0,6500.0,6000.0,False,False
Privacy Data Analyst with Spanish,TP Poland Sp. z o.o.,Kraków,5500  – 6500  PLN,Google Workspace,/pl/job/privacy-data-analyst-with-spanish-tp-poland-cracow,5500.0,6500.0,6000.0,False,False
Privacy Data Analyst with Italian,TP Poland Sp. z o.o.,Kraków,6000  – 7000  PLN,Obsługa klienta,/pl/job/privacy-data-analyst-with-italian-tp-poland-cracow,6000.0,7000.0,6500.0,False,False
Privacy Data Analyst with Italian,TP Poland Sp. z o.o.,Kraków,6000  – 7000  PLN,Protocols,/pl/job/privacy-data-analyst-with-italian-tp-poland-cracow,6000.0,7000.0,6500.0,False,False
Privacy Data Analyst with Italian,TP Poland Sp. z o.o.,Kraków,6000  – 7000  PLN,Communication skills,/pl/job/privacy-data-analyst-with-italian-tp-poland-cracow,6000.0,7000.0,6500.0,False,False
Privacy Data Analyst with Italian,TP Poland Sp. z o.o.,Kraków,6000  – 7000  PLN,Google Workspace,/pl/job/privacy-data-analyst-with-italian-tp-poland-cracow,6000.0,7000.0,6500.0,False,False
Privacy Data Analyst with Swedish,TP Poland Sp. z o.o.,Kraków,7000  – 8000  PLN,Obsługa klienta,/pl/job/privacy-data-analyst-with-swedish-tp-poland-cracow,7000.0,8000.0,7500.0,False,False
Privacy Data Analyst with Swedish,TP Poland Sp. z o.o.,Kraków,7000  – 8000  PLN,Protocols,/pl/job/privacy-data-analyst-with-swedish-tp-poland-cracow,7000.0,8000.0,7500.0,False,False
Privacy Data Analyst with Swedish,TP Poland Sp. z o.o.,Kraków,7000  – 8000  PLN,Communication skills,/pl/job/privacy-data-analyst-with-swedish-tp-poland-cracow,7000.0,8000.0,7500.0,False,False
Privacy Data Analyst with Swedish,TP Poland Sp. z o.o.,Kraków,7000  – 8000  PLN,Google Workspace,/pl/job/privacy-data-analyst-with-swedish-tp-poland-cracow,7000.0,8000.0,7500.0,False,False
Regulatory Data Analyst  NOWA,Diverse CG Sp. z o.o. Sp.k.,Łódź,16800  – 18480  PLN,Data,/pl/job/regulatory-data-analyst-diverse-cg-sp-k--lodz,16800.0,18480.0,17640.0,False,False
Regulatory Data Analyst  NOWA,Diverse CG Sp. z o.o. Sp.k.,Łódź,16800  – 18480  PLN,Data analytics,/pl/job/regulatory-data-analyst-diverse-cg-sp-k--lodz,16800.0,18480.0,17640.0,False,False
Regulatory Data Analyst  NOWA,Diverse CG Sp. z o.o. Sp.k.,Łódź,16800  – 18480  PLN,Data migration,/pl/job/regulatory-data-analyst-diverse-cg-sp-k--lodz,16800.0,18480.0,17640.0,False,False
Regulatory Data Analyst  NOWA,Diverse CG Sp. z o.o. Sp.k.,Łódź,16800  – 18480  PLN,DORA,/pl/job/regulatory-data-analyst-diverse-cg-sp-k--lodz,16800.0,18480.0,17640.0,False,False
Data & Agile Delivery Analyst  NOWA,Ework Group,Wrocław,18480  – 22680  PLN,Data,/pl/job/data-agile-delivery-analyst-ework-group-wroclaw,18480.0,22680.0,20580.0,False,False
Data & Agile Delivery Analyst  NOWA,Ework Group,Wrocław,18480  – 22680  PLN,SQL,/pl/job/data-agile-delivery-analyst-ework-group-wroclaw,18480.0,22680.0,20580.0,False,False
Data & Agile Delivery Analyst  NOWA,Ework Group,Wrocław,18480  – 22680  PLN,Power BI,/pl/job/data-agile-delivery-analyst-ework-group-wroclaw,18480.0,22680.0,20580.0,False,False
Data & Agile Delivery Analyst  NOWA,Ework Group,Wrocław,18480  – 22680  PLN,Jira,/pl/job/data-agile-delivery-analyst-ework-group-wroclaw,18480.0,22680.0,20580.0,False,False
Data Analyst (Capital Reporting Support)  NOWA,Ework Group,Warszawa,20160  – 24360  PLN,Data,/pl/job/data-analyst-capital-reporting-support-ework-group-warszawa,20160.0,24360.0,22260.0,False,False
Data Analyst (Capital Reporting Support)  NOWA,Ework Group,Warszawa,20160  – 24360  PLN,SQL,/pl/job/data-analyst-capital-reporting-support-ework-group-warszawa,20160.0,24360.0,22260.0,False,False
Data Analyst (Capital Reporting Support)  NOWA,Ework Group,Warszawa,20160  – 24360  PLN,Python,/pl/job/data-analyst-capital-reporting-support-ework-group-warszawa,20160.0,24360.0,22260.0,False,False
Data Analyst (Capital Reporting Support)  NOWA,Ework Group,Warszawa,20160  – 24360  PLN,UAT,/pl/job/data-analyst-capital-reporting-support-ework-group-warszawa,20160.0,24360.0,22260.0,False,False
Senior Business Analyst (Data & Analytics)  NOWA,hubQuest,Zdalnie,23500  – 28500  PLN,Business Analysis,/pl/job/senior-business-analyst-data-analytics-hubquest-remote-1,23500.0,28500.0,26000.0,True,False
Senior Business Analyst (Data & Analytics)  NOWA,hubQuest,Zdalnie,23500  – 28500  PLN,Business Analysis,/pl/job/senior-business-analyst-data-analytics-hubquest-remote-1,23500.0,28500.0,26000.0,True,False
Senior Business Analyst (Data & Analytics)  NOWA,hubQuest,Zdalnie,23500  – 28500  PLN,Stakeholder management,/pl/job/senior-business-analyst-data-analytics-hubquest-remote-1,23500.0,28500.0,26000.0,True,False
Senior Business Analyst (Data & Analytics)  NOWA,hubQuest,Zdalnie,23500  – 28500  PLN,Data Requirements Management,/pl/job/senior-business-analyst-data-analytics-hubquest-remote-1,23500.0,28500.0,26000.0,True,False
Senior Data Quality Management Analyst (Tech Business Analyst)  NOWA,Antal,Kraków,,Data,/pl/job/senior-data-quality-management-analyst-tech-business-analyst-antal-krakow,,,,False,False
Senior Data Quality Management Analyst (Tech Business Analyst)  NOWA,Antal,Kraków,,GCP,/pl/job/senior-data-quality-management-analyst-tech-business-analyst-antal-krakow,,,,False,False
Senior Data Quality Management Analyst (Tech Business Analyst)  NOWA,Antal,Kraków,,BigQuery,/pl/job/senior-data-quality-management-analyst-tech-business-analyst-antal-krakow,,,,False,False
Technical Business Data Analyst  NOWA,Verita HR,Kraków,24000  – 28500  PLN,Business Analysis,/pl/job/technical-business-data-analyst-verita-hr-krakow,24000.0,28500.0,26250.0,False,False
Technical Business Data Analyst  NOWA,Verita HR,Kraków,24000  – 28500  PLN,Data analytics,/pl/job/technical-business-data-analyst-verita-hr-krakow,24000.0,28500.0,26250.0,False,False
Technical Business Data Analyst  NOWA,Verita HR,Kraków,24000  – 28500  PLN,Business Analysis,/pl/job/technical-business-data-analyst-verita-hr-krakow,24000.0,28500.0,26250.0,False,False
Technical Business Data Analyst  NOWA,Verita HR,Kraków,24000  – 28500  PLN,Hadoop,/pl/job/technical-business-data-analyst-verita-hr-krakow,24000.0,28500.0,26250.0,False,False
"Data Analyst (with Chinese, Japanese, Korean) (Sourcing Requisition)",Capgemini,Warszawa,,Data,/pl/job/data-analyst-with-chinese-japanese-korean-sourcing-requisition-capgemini-warszawa,,,,False,False
"Data Analyst (with Chinese, Japanese, Korean) (Sourcing Requisition)",Capgemini,Warszawa,,Data analytics,/pl/job/data-analyst-with-chinese-japanese-korean-sourcing-requisition-capgemini-warszawa,,,,False,False
"Data Analyst (with Chinese, Japanese, Korean) (Sourcing Requisition)",Capgemini,Warszawa,,Excel,/pl/job/data-analyst-with-chinese-japanese-korean-sourcing-requisition-capgemini-warszawa,,,,False,False
"Data Analyst (with Chinese, Japanese, Korean) (Sourcing Requisition)",Capgemini,Warszawa,,Power BI,/pl/job/data-analyst-with-chinese-japanese-korean-sourcing-requisition-capgemini-warszawa,,,,False,False
Senior Data Analyst SQL  NOWA,Makeitright Sp. z o.o.,Warszawa,23520  – 28560  PLN,Business Analysis,/pl/job/senior-data-analyst-sql-makeitright-warszawa,23520.0,28560.0,26040.0,False,False
Senior Data Analyst SQL  NOWA,Makeitright Sp. z o.o.,Warszawa,23520  – 28560  PLN,SQL,/pl/job/senior-data-analyst-sql-makeitright-warszawa,23520.0,28560.0,26040.0,False,False
Senior Data Analyst SQL  NOWA,Makeitright Sp. z o.o.,Warszawa,23520  – 28560  PLN,C,/pl/job/senior-data-analyst-sql-makeitright-warszawa,23520.0,28560.0,26040.0,False,False
Senior Data Analyst SQL  NOWA,Makeitright Sp. z o.o.,Warszawa,23520  – 28560  PLN,UAT,/pl/job/senior-data-analyst-sql-makeitright-warszawa,23520.0,28560.0,26040.0,False,False
Reference Data Analyst  NOWA,Link Group,Warszawa,20000  – 30000  PLN,Data,/pl/job/reference-data-analyst-link-group-warszawa,20000.0,30000.0,25000.0,False,False
Reference Data Analyst  NOWA,Link Group,Warszawa,20000  – 30000  PLN,Data analysis,/pl/job/reference-data-analyst-link-group-warszawa,20000.0,30000.0,25000.0,False,False
Reference Data Analyst  NOWA,Link Group,Warszawa,20000  – 30000  PLN,Reference Data,/pl/job/reference-data-analyst-link-group-warszawa,20000.0,30000.0,25000.0,False,False
Reference Data Analyst  NOWA,Link Group,Warszawa,20000  – 30000  PLN,Data quality,/pl/job/reference-data-analyst-link-group-warszawa,20000.0,30000.0,25000.0,False,False
Data Analyst/Scrum Master  NOWA,"AVENGA (Agencja Pracy, nr KRAZ: 8448)",Wrocław,19000  – 21000  PLN,Data,/pl/job/data-analyst-scrum-master-avenga-agencja-pracy-nr-kraz-8448-wroclaw,19000.0,21000.0,20000.0,False,False
Data Analyst/Scrum Master  NOWA,"AVENGA (Agencja Pracy, nr KRAZ: 8448)",Wrocław,19000  – 21000  PLN,SQL,/pl/job/data-analyst-scrum-master-avenga-agencja-pracy-nr-kraz-8448-wroclaw,19000.0,21000.0,20000.0,False,False
Data Analyst/Scrum Master  NOWA,"AVENGA (Agencja Pracy, nr KRAZ: 8448)",Wrocław,19000  – 21000  PLN,Data modeling,/pl/job/data-analyst-scrum-master-avenga-agencja-pracy-nr-kraz-8448-wroclaw,19000.0,21000.0,20000.0,False,False
Data Analyst/Scrum Master  NOWA,"AVENGA (Agencja Pracy, nr KRAZ: 8448)",Wrocław,19000  – 21000  PLN,Power BI,/pl/job/data-analyst-scrum-master-avenga-agencja-pracy-nr-kraz-8448-wroclaw,19000.0,21000.0,20000.0,False,False
Data Analyst  NOWA,Link Group,Zdalnie,14000  – 17000  PLN,Data,/pl/job/data-analyst-link-group-remote-6,14000.0,17000.0,15500.0,True,False
Data Analyst  NOWA,Link Group,Zdalnie,14000  – 17000  PLN,SQL,/pl/job/data-analyst-link-group-remote-6,14000.0,17000.0,15500.0,True,False
Data Analyst  NOWA,Link Group,Zdalnie,14000  – 17000  PLN,Tableau,/pl/job/data-analyst-link-group-remote-6,14000.0,17000.0,15500.0,True,False
Data Analyst  NOWA,Link Group,Zdalnie,14000  – 17000  PLN,Power BI,/pl/job/data-analyst-link-group-remote-6,14000.0,17000.0,15500.0,True,False
Business Analyst (Data Governance)  NOWA,Scalo,Zdalnie,19320  – 21000  PLN,Data,/pl/job/business-analyst-data-governance-scalo-remote,19320.0,21000.0,20160.0,True,True
Business Analyst (Data Governance)  NOWA,Scalo,Zdalnie,19320  – 21000  PLN,Ab Initio,/pl/job/business-analyst-data-governance-scalo-remote,19320.0,21000.0,20160.0,True,True
Business Analyst (Data Governance)  NOWA,Scalo,Zdalnie,19320  – 21000  PLN,SQL,/pl/job/business-analyst-data-governance-scalo-remote,19320.0,21000.0,20160.0,True,True
Business Analyst (Data Governance)  NOWA,Scalo,Zdalnie,19320  – 21000  PLN,angielski,/pl/job/business-analyst-data-governance-scalo-remote,19320.0,21000.0,20160.0,True,True
Data Quality Analyst (French Speaking)  NOWA,Square One Resources,Zdalnie,16800  – 25200  PLN,Business Analysis,/pl/job/data-quality-analyst-french-speaking-square-one-resources-remote,16800.0,25200.0,21000.0,True,False
Data Quality Analyst (French Speaking)  NOWA,Square One Resources,Zdalnie,16800  – 25200  PLN,Excel,/pl/job/data-quality-analyst-french-speaking-square-one-resources-remote,16800.0,25200.0,21000.0,True,False
Data Quality Analyst (French Speaking)  NOWA,Square One Resources,Zdalnie,16800  – 25200  PLN,Google Sheets,/pl/job/data-quality-analyst-french-speaking-square-one-resources-remote,16800.0,25200.0,21000.0,True,False
Data Quality Analyst (French Speaking)  NOWA,Square One Resources,Zdalnie,16800  – 25200  PLN,Google Analytics,/pl/job/data-quality-analyst-french-speaking-square-one-resources-remote,16800.0,25200.0,21000.0,True,False
Data Analyst (Senior),Alterdata.io sp. z o.o.,Zdalnie,19320  – 26880  PLN,Data,/pl/job/data-analyst-senior-alterdata-io-remote,19320.0,26880.0,23100.0,True,True
Data Analyst (Senior),Alterdata.io sp. z o.o.,Zdalnie,19320  – 26880  PLN,SQL,/pl/job/data-analyst-senior-alterdata-io-remote,19320.0,26880.0,23100.0,True,True
Data Analyst (Senior),Alterdata.io sp. z o.o.,Zdalnie,19320  – 26880  PLN,Język angielski,/pl/job/data-analyst-senior-alterdata-io-remote,19320.0,26880.0,23100.0,True,True
Data Analyst (Senior),Alterdata.io sp. z o.o.,Zdalnie,19320  – 26880  PLN,Data modelling,/pl/job/data-analyst-senior-alterdata-io-remote,19320.0,26880.0,23100.0,True,True
Data Science Analyst,Margo,Warszawa,19320  – 20160  PLN,Data,/pl/job/data-science-analyst-margo-warszawa,19320.0,20160.0,19740.0,False,False
Data Science Analyst,Margo,Warszawa,19320  – 20160  PLN,Python,/pl/job/data-science-analyst-margo-warszawa,19320.0,20160.0,19740.0,False,False
Data Science Analyst,Margo,Warszawa,19320  – 20160  PLN,pandas,/pl/job/data-science-analyst-margo-warszawa,19320.0,20160.0,19740.0,False,False
Data Science Analyst,Margo,Warszawa,19320  – 20160  PLN,Matplotlib,/pl/job/data-science-analyst-margo-warszawa,19320.0,20160.0,19740.0,False,False
Senior Data Business Analyst,Link Group,Zdalnie,21000  – 25200  PLN,Data,/pl/job/senior-data-business-analyst-link-group-remote,21000.0,25200.0,23100.0,True,False
Senior Data Business Analyst,Link Group,Zdalnie,21000  – 25200  PLN,SQL,/pl/job/senior-data-business-analyst-link-group-remote,21000.0,25200.0,23100.0,True,False
Senior Data Business Analyst,Link Group,Zdalnie,21000  – 25200  PLN,Snowflake,/pl/job/senior-data-business-analyst-link-group-remote,21000.0,25200.0,23100.0,True,False
Senior Data Business Analyst,Link Group,Zdalnie,21000  – 25200  PLN,dbt,/pl/job/senior-data-business-analyst-link-group-remote,21000.0,25200.0,23100.0,True,False
Data Analyst - Afternoon shift,SpotOn,Kraków,12500  – 15700  PLN,Data,/pl/job/data-analyst-afternoon-shift-spoton-cracow,12500.0,15700.0,14100.0,False,True
Data Analyst - Afternoon shift,SpotOn,Kraków,12500  – 15700  PLN,SQL,/pl/job/data-analyst-afternoon-shift-spoton-cracow,12500.0,15700.0,14100.0,False,True
Data Analyst - Afternoon shift,SpotOn,Kraków,12500  – 15700  PLN,Power BI,/pl/job/data-analyst-afternoon-shift-spoton-cracow,12500.0,15700.0,14100.0,False,True
Data Analyst - Afternoon shift,SpotOn,Kraków,12500  – 15700  PLN,angielski,/pl/job/data-analyst-afternoon-shift-spoton-cracow,12500.0,15700.0,14100.0,False,True
Data Analyst (Mid),Alterdata.io sp. z o.o.,Zdalnie,12600  – 18480  PLN,Data,/pl/job/data-analyst-mid-alterdata-io-remote,12600.0,18480.0,15540.0,True,True
Data Analyst (Mid),Alterdata.io sp. z o.o.,Zdalnie,12600  – 18480  PLN,SQL,/pl/job/data-analyst-mid-alterdata-io-remote,12600.0,18480.0,15540.0,True,True
Data Analyst (Mid),Alterdata.io sp. z o.o.,Zdalnie,12600  – 18480  PLN,Język angielski,/pl/job/data-analyst-mid-alterdata-io-remote,12600.0,18480.0,15540.0,True,True
Data Analyst (Mid),Alterdata.io sp. z o.o.,Zdalnie,12600  – 18480  PLN,Data modelling,/pl/job/data-analyst-mid-alterdata-io-remote,12600.0,18480.0,15540.0,True,True
Aladdin Data Analyst,ITFS Sp. z o.o.,Zdalnie,21840  – 25200  PLN,Inne IT,/pl/job/aladdin-data-analyst-itfs-remote,21840.0,25200.0,23520.0,True,True
Aladdin Data Analyst,ITFS Sp. z o.o.,Zdalnie,21840  – 25200  PLN,Alladin,/pl/job/aladdin-data-analyst-itfs-remote,21840.0,25200.0,23520.0,True,True
Aladdin Data Analyst,ITFS Sp. z o.o.,Zdalnie,21840  – 25200  PLN,Alladin data cloud,/pl/job/aladdin-data-analyst-itfs-remote,21840.0,25200.0,23520.0,True,True
Aladdin Data Analyst,ITFS Sp. z o.o.,Zdalnie,21840  – 25200  PLN,angielski,/pl/job/aladdin-data-analyst-itfs-remote,21840.0,25200.0,23520.0,True,True
Data Analyst - Data Excellence,Ledgebrook,Zdalnie,12500  – 15850  PLN,Data,/pl/job/data-analyst-data-excellence-ledgebrook-remote,12500.0,15850.0,14175.0,True,False
Data Analyst - Data Excellence,Ledgebrook,Zdalnie,12500  – 15850  PLN,SQL,/pl/job/data-analyst-data-excellence-ledgebrook-remote,12500.0,15850.0,14175.0,True,False
Data Analyst - Data Excellence,Ledgebrook,Zdalnie,12500  – 15850  PLN,Power BI,/pl/job/data-analyst-data-excellence-ledgebrook-remote,12500.0,15850.0,14175.0,True,False
Data Analyst - Data Excellence,Ledgebrook,Zdalnie,12500  – 15850  PLN,Power Query,/pl/job/data-analyst-data-excellence-ledgebrook-remote,12500.0,15850.0,14175.0,True,False
Clinical Data Analyst,Ework Group,Zdalnie,28896  – 31080  PLN,Data,/pl/job/clinical-data-analyst-ework-group-remote,28896.0,31080.0,29988.0,True,False
Clinical Data Analyst,Ework Group,Zdalnie,28896  – 31080  PLN,SQL,/pl/job/clinical-data-analyst-ework-group-remote,28896.0,31080.0,29988.0,True,False
Clinical Data Analyst,Ework Group,Zdalnie,28896  – 31080  PLN,Databricks,/pl/job/clinical-data-analyst-ework-group-remote,28896.0,31080.0,29988.0,True,False
Clinical Data Analyst,Ework Group,Zdalnie,28896  – 31080  PLN,Python,/pl/job/clinical-data-analyst-ework-group-remote,28896.0,31080.0,29988.0,True,False
Data Analyst,Ework Group,Gdańsk,21840  – 25200  PLN,Data,/pl/job/data-analyst-ework-group-gdansk-3,21840.0,25200.0,23520.0,False,False
Data Analyst,Ework Group,Gdańsk,21840  – 25200  PLN,SQL,/pl/job/data-analyst-ework-group-gdansk-3,21840.0,25200.0,23520.0,False,False
Data Analyst,Ework Group,Gdańsk,21840  – 25200  PLN,Hive,/pl/job/data-analyst-ework-group-gdansk-3,21840.0,25200.0,23520.0,False,False
Data Analyst,Ework Group,Gdańsk,21840  – 25200  PLN,Data analysis,/pl/job/data-analyst-ework-group-gdansk-3,21840.0,25200.0,23520.0,False,False
Data Business Analyst,DCG,Gdynia,21840  – 22680  PLN,Data,/pl/job/data-business-analyst-dcg-gdynia,21840.0,22680.0,22260.0,False,False
Data Business Analyst,DCG,Gdynia,21840  – 22680  PLN,SQL,/pl/job/data-business-analyst-dcg-gdynia,21840.0,22680.0,22260.0,False,False
Data Business Analyst,DCG,Gdynia,21840  – 22680  PLN,Hive,/pl/job/data-business-analyst-dcg-gdynia,21840.0,22680.0,22260.0,False,False
Data Business Analyst,DCG,Gdynia,21840  – 22680  PLN,Spark,/pl/job/data-business-analyst-dcg-gdynia,21840.0,22680.0,22260.0,False,False
Senior IT Analyst – Data & ML Solutions,Ework Group,Gdańsk,21000  – 25200  PLN,Data,/pl/job/senior-it-analyst-data-ml-solutions-ework-group-gdansk,21000.0,25200.0,23100.0,False,False
Senior IT Analyst – Data & ML Solutions,Ework Group,Gdańsk,21000  – 25200  PLN,AWS,/pl/job/senior-it-analyst-data-ml-solutions-ework-group-gdansk,21000.0,25200.0,23100.0,False,False
Senior IT Analyst – Data & ML Solutions,Ework Group,Gdańsk,21000  – 25200  PLN,AWS SageMaker,/pl/job/senior-it-analyst-data-ml-solutions-ework-group-gdansk,21000.0,25200.0,23100.0,False,False
Senior IT Analyst – Data & ML Solutions,Ework Group,Gdańsk,21000  – 25200  PLN,Data analysis,/pl/job/senior-it-analyst-data-ml-solutions-ework-group-gdansk,21000.0,25200.0,23100.0,False,False
Data Analyst – Data Quality & Controls,Antal,Kraków,,Data,/pl/job/data-analyst-data-quality-controls-antal-krakow,,,,False,False
Data Analyst – Data Quality & Controls,Antal,Kraków,,SQL,/pl/job/data-analyst-data-quality-controls-antal-krakow,,,,False,False
Data Analyst – Data Quality & Controls,Antal,Kraków,,Excel,/pl/job/data-analyst-data-quality-controls-antal-krakow,,,,False,False
Data Analyst – Data Quality & Controls,Antal,Kraków,,Analytical skills,/pl/job/data-analyst-data-quality-controls-antal-krakow,,,,False,False
Senior Financial Data Analyst,Devire,Poznań,10000  – 15000  PLN,Data,/pl/job/senior-financial-data-analyst-devire-poznan,10000.0,15000.0,12500.0,False,False
Senior Financial Data Analyst,Devire,Poznań,10000  – 15000  PLN,Degree,/pl/job/senior-financial-data-analyst-devire-poznan,10000.0,15000.0,12500.0,False,False
Senior Financial Data Analyst,Devire,Poznań,10000  – 15000  PLN,Accounting,/pl/job/senior-financial-data-analyst-devire-poznan,10000.0,15000.0,12500.0,False,False
Senior Financial Data Analyst,Devire,Poznań,10000  – 15000  PLN,Data analysis,/pl/job/senior-financial-data-analyst-devire-poznan,10000.0,15000.0,12500.0,False,False
Data Analyst with German,Harvey Nash Technology,Zdalnie,25200  – 31920  PLN,Data,/pl/job/data-analyst-with-german-harvey-nash-technology-remote,25200.0,31920.0,28560.0,True,False
Data Analyst with German,Harvey Nash Technology,Zdalnie,25200  – 31920  PLN,Tableau,/pl/job/data-analyst-with-german-harvey-nash-technology-remote,25200.0,31920.0,28560.0,True,False
Data Analyst with German,Harvey Nash Technology,Zdalnie,25200  – 31920  PLN,Power BI,/pl/job/data-analyst-with-german-harvey-nash-technology-remote,25200.0,31920.0,28560.0,True,False
Data Analyst with German,Harvey Nash Technology,Zdalnie,25200  – 31920  PLN,BI,/pl/job/data-analyst-with-german-harvey-nash-technology-remote,25200.0,31920.0,28560.0,True,False
HR Data & Reporting Analyst,Capgemini Polska Sp. z o.o.,Kraków,,Business Intelligence,/pl/job/hr-data-reporting-analyst-capgemini-polska-krakow,,,,False,False
HR Data & Reporting Analyst,Capgemini Polska Sp. z o.o.,Kraków,,Reporting,/pl/job/hr-data-reporting-analyst-capgemini-polska-krakow,,,,False,False
HR Data & Reporting Analyst,Capgemini Polska Sp. z o.o.,Kraków,,Analytics,/pl/job/hr-data-reporting-analyst-capgemini-polska-krakow,,,,False,False
HR Data & Reporting Analyst,Capgemini Polska Sp. z o.o.,Kraków,,Workday,/pl/job/hr-data-reporting-analyst-capgemini-polska-krakow,,,,False,False
Data Analyst,Ework Group,Warszawa,21840  – 25200  PLN,Data,/pl/job/data-analyst-ework-group-warszawa-5,21840.0,25200.0,23520.0,False,False
Data Analyst,Ework Group,Warszawa,21840  – 25200  PLN,SQL,/pl/job/data-analyst-ework-group-warszawa-5,21840.0,25200.0,23520.0,False,False
Data Analyst,Ework Group,Warszawa,21840  – 25200  PLN,DB,/pl/job/data-analyst-ework-group-warszawa-5,21840.0,25200.0,23520.0,False,False
Data Analyst,Ework Group,Warszawa,21840  – 25200  PLN,ETL,/pl/job/data-analyst-ework-group-warszawa-5,21840.0,25200.0,23520.0,False,False
Manufacturing Data & Systems Analyst,Link Group,Zdalnie,21840  – 26880  PLN,Data,/pl/job/manufacturing-data-systems-analyst-link-group-remote,21840.0,26880.0,24360.0,True,False
Manufacturing Data & Systems Analyst,Link Group,Zdalnie,21840  – 26880  PLN,SQL,/pl/job/manufacturing-data-systems-analyst-link-group-remote,21840.0,26880.0,24360.0,True,False
Manufacturing Data & Systems Analyst,Link Group,Zdalnie,21840  – 26880  PLN,Python,/pl/job/manufacturing-data-systems-analyst-link-group-remote,21840.0,26880.0,24360.0,True,False
Manufacturing Data & Systems Analyst,Link Group,Zdalnie,21840  – 26880  PLN,Data modeling,/pl/job/manufacturing-data-systems-analyst-link-group-remote,21840.0,26880.0,24360.0,True,False
Data and Financial Engineering Analyst,Mindbox Sp. z o.o.,Kraków,16800  – 22680  PLN,Data,/pl/job/data-and-financial-engineering-analyst-mindbox-krakow,16800.0,22680.0,19740.0,False,False
Data and Financial Engineering Analyst,Mindbox Sp. z o.o.,Kraków,16800  – 22680  PLN,Python,/pl/job/data-and-financial-engineering-analyst-mindbox-krakow,16800.0,22680.0,19740.0,False,False
Data and Financial Engineering Analyst,Mindbox Sp. z o.o.,Kraków,16800  – 22680  PLN,SQL,/pl/job/data-and-financial-engineering-analyst-mindbox-krakow,16800.0,22680.0,19740.0,False,False
Data and Financial Engineering Analyst,Mindbox Sp. z o.o.,Kraków,16800  – 22680  PLN,Jira,/pl/job/data-and-financial-engineering-analyst-mindbox-krakow,16800.0,22680.0,19740.0,False,False
Data Quality Analyst Workday PRISM,Connectis_,Zdalnie,28500  – 32500  PLN,Data,/pl/job/data-quality-analyst-workday-prism-connectis--remote,28500.0,32500.0,30500.0,True,False
Data Quality Analyst Workday PRISM,Connectis_,Zdalnie,28500  – 32500  PLN,Workday prism,/pl/job/data-quality-analyst-workday-prism-connectis--remote,28500.0,32500.0,30500.0,True,False
Data Quality Analyst Workday PRISM,Connectis_,Zdalnie,28500  – 32500  PLN,Workday HCM,/pl/job/data-quality-analyst-workday-prism-connectis--remote,28500.0,32500.0,30500.0,True,False
Data Quality Analyst Workday PRISM,Connectis_,Zdalnie,28500  – 32500  PLN,Excel,/pl/job/data-quality-analyst-workday-prism-connectis--remote,28500.0,32500.0,30500.0,True,False
Senior Data Quality Management Analyst – BA,Mindbox Sp. z o.o.,Kraków,21000  – 25200  PLN,Testing,/pl/job/senior-data-quality-management-analyst-ba-mindbox-krakow,21000.0,25200.0,23100.0,False,False
Senior Data Quality Management Analyst – BA,Mindbox Sp. z o.o.,Kraków,21000  – 25200  PLN,GCP,/pl/job/senior-data-quality-management-analyst-ba-mindbox-krakow,21000.0,25200.0,23100.0,False,False
Senior Data Quality Management Analyst – BA,Mindbox Sp. z o.o.,Kraków,21000  – 25200  PLN,BigQuery,/pl/job/senior-data-quality-management-analyst-ba-mindbox-krakow,21000.0,25200.0,23100.0,False,False
Senior Data Quality Management Analyst – BA,Mindbox Sp. z o.o.,Kraków,21000  – 25200  PLN,Cloud,/pl/job/senior-data-quality-management-analyst-ba-mindbox-krakow,21000.0,25200.0,23100.0,False,False
Data Analyst,Mindbox Sp. z o.o.,Kraków,21000  – 26880  PLN,Data,/pl/job/data-analyst-mindbox-krakow-4,21000.0,26880.0,23940.0,False,False
Data Analyst,Mindbox Sp. z o.o.,Kraków,21000  – 26880  PLN,Excel,/pl/job/data-analyst-mindbox-krakow-4,21000.0,26880.0,23940.0,False,False
Data Analyst,Mindbox Sp. z o.o.,Kraków,21000  – 26880  PLN,Power Query,/pl/job/data-analyst-mindbox-krakow-4,21000.0,26880.0,23940.0,False,False
Data Analyst,Mindbox Sp. z o.o.,Kraków,21000  – 26880  PLN,Power Pivot,/pl/job/data-analyst-mindbox-krakow-4,21000.0,26880.0,23940.0,False,False
Data Analyst [M/F],Arche Solutions,Kraków,21840  – 26880  PLN,Data,/pl/job/data-analyst-m-f-arche-solutions-krakow,21840.0,26880.0,24360.0,False,True
Data Analyst [M/F],Arche Solutions,Kraków,21840  – 26880  PLN,SQL,/pl/job/data-analyst-m-f-arche-solutions-krakow,21840.0,26880.0,24360.0,False,True
Data Analyst [M/F],Arche Solutions,Kraków,21840  – 26880  PLN,Data analytics,/pl/job/data-analyst-m-f-arche-solutions-krakow,21840.0,26880.0,24360.0,False,True
Data Analyst [M/F],Arche Solutions,Kraków,21840  – 26880  PLN,angielski,/pl/job/data-analyst-m-f-arche-solutions-krakow,21840.0,26880.0,24360.0,False,True
BI/Data Analyst,Innowise,Warszawa,,Data,/pl/job/bi-data-analyst-innowise-warszawa-1,,,,False,False
BI/Data Analyst,Innowise,Warszawa,,BI,/pl/job/bi-data-analyst-innowise-warszawa-1,,,,False,False
BI/Data Analyst,Innowise,Warszawa,,SQL,/pl/job/bi-data-analyst-innowise-warszawa-1,,,,False,False
BI/Data Analyst,Innowise,Warszawa,,Python,/pl/job/bi-data-analyst-innowise-warszawa-1,,,,False,False
Data Visualization Analyst,Verita HR,Kraków,25000  – 29000  PLN,Data,/pl/job/data-visualization-analyst-verita-hr-krakow,25000.0,29000.0,27000.0,False,False
Data Visualization Analyst,Verita HR,Kraków,25000  – 29000  PLN,SQL,/pl/job/data-visualization-analyst-verita-hr-krakow,25000.0,29000.0,27000.0,False,False
Data Visualization Analyst,Verita HR,Kraków,25000  – 29000  PLN,Data visualization,/pl/job/data-visualization-analyst-verita-hr-krakow,25000.0,29000.0,27000.0,False,False
Data Visualization Analyst,Verita HR,Kraków,25000  – 29000  PLN,Dashboarding,/pl/job/data-visualization-analyst-verita-hr-krakow,25000.0,29000.0,27000.0,False,False
Data Analyst (Mid),Alterdata.io sp. z o.o.,Zdalnie,12600  – 18480  PLN,Data,/pl/job/data-analyst-mid-alterdata-io-remote,12600.0,18480.0,15540.0,True,True
Data Analyst (Mid),Alterdata.io sp. z o.o.,Zdalnie,12600  – 18480  PLN,SQL,/pl/job/data-analyst-mid-alterdata-io-remote,12600.0,18480.0,15540.0,True,True
Data Analyst (Mid),Alterdata.io sp. z o.o.,Zdalnie,12600  – 18480  PLN,Język angielski,/pl/job/data-analyst-mid-alterdata-io-remote,12600.0,18480.0,15540.0,True,True
Data Analyst (Mid),Alterdata.io sp. z o.o.,Zdalnie,12600  – 18480  PLN,Data modelling,/pl/job/data-analyst-mid-alterdata-io-remote,12600.0,18480.0,15540.0,True,True
Aladdin Data Analyst,ITFS Sp. z o.o.,Zdalnie,21840  – 25200  PLN,Inne IT,/pl/job/aladdin-data-analyst-itfs-remote,21840.0,25200.0,23520.0,True,True
Aladdin Data Analyst,ITFS Sp. z o.o.,Zdalnie,21840  – 25200  PLN,Alladin,/pl/job/aladdin-data-analyst-itfs-remote,21840.0,25200.0,23520.0,True,True
Aladdin Data Analyst,ITFS Sp. z o.o.,Zdalnie,21840  – 25200  PLN,Alladin data cloud,/pl/job/aladdin-data-analyst-itfs-remote,21840.0,25200.0,23520.0,True,True
Aladdin Data Analyst,ITFS Sp. z o.o.,Zdalnie,21840  – 25200  PLN,angielski,/pl/job/aladdin-data-analyst-itfs-remote,21840.0,25200.0,23520.0,True,True
Data Analyst - Data Excellence,Ledgebrook,Zdalnie,12500  – 15850  PLN,Data,/pl/job/data-analyst-data-excellence-ledgebrook-remote,12500.0,15850.0,14175.0,True,False
Data Analyst - Data Excellence,Ledgebrook,Zdalnie,12500  – 15850  PLN,SQL,/pl/job/data-analyst-data-excellence-ledgebrook-remote,12500.0,15850.0,14175.0,True,False
Data Analyst - Data Excellence,Ledgebrook,Zdalnie,12500  – 15850  PLN,Power BI,/pl/job/data-analyst-data-excellence-ledgebrook-remote,12500.0,15850.0,14175.0,True,False
Data Analyst - Data Excellence,Ledgebrook,Zdalnie,12500  – 15850  PLN,Power Query,/pl/job/data-analyst-data-excellence-ledgebrook-remote,12500.0,15850.0,14175.0,True,False
Clinical Data Analyst,Ework Group,Zdalnie,28896  – 31080  PLN,Data,/pl/job/clinical-data-analyst-ework-group-remote,28896.0,31080.0,29988.0,True,False
Clinical Data Analyst,Ework Group,Zdalnie,28896  – 31080  PLN,SQL,/pl/job/clinical-data-analyst-ework-group-remote,28896.0,31080.0,29988.0,True,False
Clinical Data Analyst,Ework Group,Zdalnie,28896  – 31080  PLN,Databricks,/pl/job/clinical-data-analyst-ework-group-remote,28896.0,31080.0,29988.0,True,False
Clinical Data Analyst,Ework Group,Zdalnie,28896  – 31080  PLN,Python,/pl/job/clinical-data-analyst-ework-group-remote,28896.0,31080.0,29988.0,True,False
Data Analyst,Ework Group,Gdańsk,21840  – 25200  PLN,Data,/pl/job/data-analyst-ework-group-gdansk-3,21840.0,25200.0,23520.0,False,False
Data Analyst,Ework Group,Gdańsk,21840  – 25200  PLN,SQL,/pl/job/data-analyst-ework-group-gdansk-3,21840.0,25200.0,23520.0,False,False
Data Analyst,Ework Group,Gdańsk,21840  – 25200  PLN,Hive,/pl/job/data-analyst-ework-group-gdansk-3,21840.0,25200.0,23520.0,False,False
Data Analyst,Ework Group,Gdańsk,21840  – 25200  PLN,Data analysis,/pl/job/data-analyst-ework-group-gdansk-3,21840.0,25200.0,23520.0,False,False
Data Business Analyst,DCG,Gdynia,21840  – 22680  PLN,Data,/pl/job/data-business-analyst-dcg-gdynia,21840.0,22680.0,22260.0,False,False
Data Business Analyst,DCG,Gdynia,21840  – 22680  PLN,SQL,/pl/job/data-business-analyst-dcg-gdynia,21840.0,22680.0,22260.0,False,False
Data Business Analyst,DCG,Gdynia,21840  – 22680  PLN,Hive,/pl/job/data-business-analyst-dcg-gdynia,21840.0,22680.0,22260.0,False,False
Data Business Analyst,DCG,Gdynia,21840  – 22680  PLN,Spark,/pl/job/data-business-analyst-dcg-gdynia,21840.0,22680.0,22260.0,False,False
Senior IT Analyst – Data & ML Solutions,Ework Group,Gdańsk,21000  – 25200  PLN,Data,/pl/job/senior-it-analyst-data-ml-solutions-ework-group-gdansk,21000.0,25200.0,23100.0,False,False
Senior IT Analyst – Data & ML Solutions,Ework Group,Gdańsk,21000  – 25200  PLN,AWS,/pl/job/senior-it-analyst-data-ml-solutions-ework-group-gdansk,21000.0,25200.0,23100.0,False,False
Senior IT Analyst – Data & ML Solutions,Ework Group,Gdańsk,21000  – 25200  PLN,AWS SageMaker,/pl/job/senior-it-analyst-data-ml-solutions-ework-group-gdansk,21000.0,25200.0,23100.0,False,False
Senior IT Analyst – Data & ML Solutions,Ework Group,Gdańsk,21000  – 25200  PLN,Data analysis,/pl/job/senior-it-analyst-data-ml-solutions-ework-group-gdansk,21000.0,25200.0,23100.0,False,False
Data Analyst – Data Quality & Controls,Antal,Kraków,,Data,/pl/job/data-analyst-data-quality-controls-antal-krakow,,,,False,False
Data Analyst – Data Quality & Controls,Antal,Kraków,,SQL,/pl/job/data-analyst-data-quality-controls-antal-krakow,,,,False,False
Data Analyst – Data Quality & Controls,Antal,Kraków,,Excel,/pl/job/data-analyst-data-quality-controls-antal-krakow,,,,False,False
Data Analyst – Data Quality & Controls,Antal,Kraków,,Analytical skills,/pl/job/data-analyst-data-quality-controls-antal-krakow,,,,False,False
Senior Financial Data Analyst,Devire,Poznań,10000  – 15000  PLN,Data,/pl/job/senior-financial-data-analyst-devire-poznan,10000.0,15000.0,12500.0,False,False
Senior Financial Data Analyst,Devire,Poznań,10000  – 15000  PLN,Degree,/pl/job/senior-financial-data-analyst-devire-poznan,10000.0,15000.0,12500.0,False,False
Senior Financial Data Analyst,Devire,Poznań,10000  – 15000  PLN,Accounting,/pl/job/senior-financial-data-analyst-devire-poznan,10000.0,15000.0,12500.0,False,False
Senior Financial Data Analyst,Devire,Poznań,10000  – 15000  PLN,Data analysis,/pl/job/senior-financial-data-analyst-devire-poznan,10000.0,15000.0,12500.0,False,False
Data Analyst with German,Harvey Nash Technology,Zdalnie,25200  – 31920  PLN,Data,/pl/job/data-analyst-with-german-harvey-nash-technology-remote,25200.0,31920.0,28560.0,True,False
Data Analyst with German,Harvey Nash Technology,Zdalnie,25200  – 31920  PLN,Tableau,/pl/job/data-analyst-with-german-harvey-nash-technology-remote,25200.0,31920.0,28560.0,True,False
Data Analyst with German,Harvey Nash Technology,Zdalnie,25200  – 31920  PLN,Power BI,/pl/job/data-analyst-with-german-harvey-nash-technology-remote,25200.0,31920.0,28560.0,True,False
Data Analyst with German,Harvey Nash Technology,Zdalnie,25200  – 31920  PLN,BI,/pl/job/data-analyst-with-german-harvey-nash-technology-remote,25200.0,31920.0,28560.0,True,False
HR Data & Reporting Analyst,Capgemini Polska Sp. z o.o.,Kraków,,Business Intelligence,/pl/job/hr-data-reporting-analyst-capgemini-polska-krakow,,,,False,False
HR Data & Reporting Analyst,Capgemini Polska Sp. z o.o.,Kraków,,Reporting,/pl/job/hr-data-reporting-analyst-capgemini-polska-krakow,,,,False,False
HR Data & Reporting Analyst,Capgemini Polska Sp. z o.o.,Kraków,,Analytics,/pl/job/hr-data-reporting-analyst-capgemini-polska-krakow,,,,False,False
HR Data & Reporting Analyst,Capgemini Polska Sp. z o.o.,Kraków,,Workday,/pl/job/hr-data-reporting-analyst-capgemini-polska-krakow,,,,False,False
Data Analyst,Ework Group,Warszawa,21840  – 25200  PLN,Data,/pl/job/data-analyst-ework-group-warszawa-5,21840.0,25200.0,23520.0,False,False
Data Analyst,Ework Group,Warszawa,21840  – 25200  PLN,SQL,/pl/job/data-analyst-ework-group-warszawa-5,21840.0,25200.0,23520.0,False,False
Data Analyst,Ework Group,Warszawa,21840  – 25200  PLN,DB,/pl/job/data-analyst-ework-group-warszawa-5,21840.0,25200.0,23520.0,False,False
Data Analyst,Ework Group,Warszawa,21840  – 25200  PLN,ETL,/pl/job/data-analyst-ework-group-warszawa-5,21840.0,25200.0,23520.0,False,False
Manufacturing Data & Systems Analyst,Link Group,Zdalnie,21840  – 26880  PLN,Data,/pl/job/manufacturing-data-systems-analyst-link-group-remote,21840.0,26880.0,24360.0,True,False
Manufacturing Data & Systems Analyst,Link Group,Zdalnie,21840  – 26880  PLN,SQL,/pl/job/manufacturing-data-systems-analyst-link-group-remote,21840.0,26880.0,24360.0,True,False
Manufacturing Data & Systems Analyst,Link Group,Zdalnie,21840  – 26880  PLN,Python,/pl/job/manufacturing-data-systems-analyst-link-group-remote,21840.0,26880.0,24360.0,True,False
Manufacturing Data & Systems Analyst,Link Group,Zdalnie,21840  – 26880  PLN,Data modeling,/pl/job/manufacturing-data-systems-analyst-link-group-remote,21840.0,26880.0,24360.0,True,False
Data and Financial Engineering Analyst,Mindbox Sp. z o.o.,Kraków,16800  – 22680  PLN,Data,/pl/job/data-and-financial-engineering-analyst-mindbox-krakow,16800.0,22680.0,19740.0,False,False
Data and Financial Engineering Analyst,Mindbox Sp. z o.o.,Kraków,16800  – 22680  PLN,Python,/pl/job/data-and-financial-engineering-analyst-mindbox-krakow,16800.0,22680.0,19740.0,False,False
Data and Financial Engineering Analyst,Mindbox Sp. z o.o.,Kraków,16800  – 22680  PLN,SQL,/pl/job/data-and-financial-engineering-analyst-mindbox-krakow,16800.0,22680.0,19740.0,False,False
Data and Financial Engineering Analyst,Mindbox Sp. z o.o.,Kraków,16800  – 22680  PLN,Jira,/pl/job/data-and-financial-engineering-analyst-mindbox-krakow,16800.0,22680.0,19740.0,False,False
Data Quality Analyst Workday PRISM,Connectis_,Zdalnie,28500  – 32500  PLN,Data,/pl/job/data-quality-analyst-workday-prism-connectis--remote,28500.0,32500.0,30500.0,True,False
Data Quality Analyst Workday PRISM,Connectis_,Zdalnie,28500  – 32500  PLN,Workday prism,/pl/job/data-quality-analyst-workday-prism-connectis--remote,28500.0,32500.0,30500.0,True,False
Data Quality Analyst Workday PRISM,Connectis_,Zdalnie,28500  – 32500  PLN,Workday HCM,/pl/job/data-quality-analyst-workday-prism-connectis--remote,28500.0,32500.0,30500.0,True,False
Data Quality Analyst Workday PRISM,Connectis_,Zdalnie,28500  – 32500  PLN,Excel,/pl/job/data-quality-analyst-workday-prism-connectis--remote,28500.0,32500.0,30500.0,True,False
Senior Data Quality Management Analyst – BA,Mindbox Sp. z o.o.,Kraków,21000  – 25200  PLN,Testing,/pl/job/senior-data-quality-management-analyst-ba-mindbox-krakow,21000.0,25200.0,23100.0,False,False
Senior Data Quality Management Analyst – BA,Mindbox Sp. z o.o.,Kraków,21000  – 25200  PLN,GCP,/pl/job/senior-data-quality-management-analyst-ba-mindbox-krakow,21000.0,25200.0,23100.0,False,False
Senior Data Quality Management Analyst – BA,Mindbox Sp. z o.o.,Kraków,21000  – 25200  PLN,BigQuery,/pl/job/senior-data-quality-management-analyst-ba-mindbox-krakow,21000.0,25200.0,23100.0,False,False
Senior Data Quality Management Analyst – BA,Mindbox Sp. z o.o.,Kraków,21000  – 25200  PLN,Cloud,/pl/job/senior-data-quality-management-analyst-ba-mindbox-krakow,21000.0,25200.0,23100.0,False,False
Data Analyst,Mindbox Sp. z o.o.,Kraków,21000  – 26880  PLN,Data,/pl/job/data-analyst-mindbox-krakow-4,21000.0,26880.0,23940.0,False,False
Data Analyst,Mindbox Sp. z o.o.,Kraków,21000  – 26880  PLN,Excel,/pl/job/data-analyst-mindbox-krakow-4,21000.0,26880.0,23940.0,False,False
Data Analyst,Mindbox Sp. z o.o.,Kraków,21000  – 26880  PLN,Power Query,/pl/job/data-analyst-mindbox-krakow-4,21000.0,26880.0,23940.0,False,False
Data Analyst,Mindbox Sp. z o.o.,Kraków,21000  – 26880  PLN,Power Pivot,/pl/job/data-analyst-mindbox-krakow-4,21000.0,26880.0,23940.0,False,False
Data Analyst [M/F],Arche Solutions,Kraków,21840  – 26880  PLN,Data,/pl/job/data-analyst-m-f-arche-solutions-krakow,21840.0,26880.0,24360.0,False,True
Data Analyst [M/F],Arche Solutions,Kraków,21840  – 26880  PLN,SQL,/pl/job/data-analyst-m-f-arche-solutions-krakow,21840.0,26880.0,24360.0,False,True
Data Analyst [M/F],Arche Solutions,Kraków,21840  – 26880  PLN,Data analytics,/pl/job/data-analyst-m-f-arche-solutions-krakow,21840.0,26880.0,24360.0,False,True
Data Analyst [M/F],Arche Solutions,Kraków,21840  – 26880  PLN,angielski,/pl/job/data-analyst-m-f-arche-solutions-krakow,21840.0,26880.0,24360.0,False,True
BI/Data Analyst,Innowise,Warszawa,,Data,/pl/job/bi-data-analyst-innowise-warszawa-1,,,,False,False
BI/Data Analyst,Innowise,Warszawa,,BI,/pl/job/bi-data-analyst-innowise-warszawa-1,,,,False,False
BI/Data Analyst,Innowise,Warszawa,,SQL,/pl/job/bi-data-analyst-innowise-warszawa-1,,,,False,False
BI/Data Analyst,Innowise,Warszawa,,Python,/pl/job/bi-data-analyst-innowise-warszawa-1,,,,False,False
Data Visualization Analyst,Verita HR,Kraków,25000  – 29000  PLN,Data,/pl/job/data-visualization-analyst-verita-hr-krakow,25000.0,29000.0,27000.0,False,False
Data Visualization Analyst,Verita HR,Kraków,25000  – 29000  PLN,SQL,/pl/job/data-visualization-analyst-verita-hr-krakow,25000.0,29000.0,27000.0,False,False
Data Visualization Analyst,Verita HR,Kraków,25000  – 29000  PLN,Data visualization,/pl/job/data-visualization-analyst-verita-hr-krakow,25000.0,29000.0,27000.0,False,False
Data Visualization Analyst,Verita HR,Kraków,25000  – 29000  PLN,Dashboarding,/pl/job/data-visualization-analyst-verita-hr-krakow,25000.0,29000.0,27000.0,False,False
"Data Analyst (Process Mining, BI)",Capgemini,Kraków,,Data,/pl/job/data-analyst-process-mining-bi-capgemini-krakow,,,,False,False
"Data Analyst (Process Mining, BI)",Capgemini,Kraków,,BI,/pl/job/data-analyst-process-mining-bi-capgemini-krakow,,,,False,False
"Data Analyst (Process Mining, BI)",Capgemini,Kraków,,Data visualization,/pl/job/data-analyst-process-mining-bi-capgemini-krakow,,,,False,False
"Data Analyst (Process Mining, BI)",Capgemini,Kraków,,SAP,/pl/job/data-analyst-process-mining-bi-capgemini-krakow,,,,False,False
Data Analyst,Verita HR,Kraków,25000  – 29000  PLN,Data,/pl/job/data-analyst-verita-hr-krakow-2,25000.0,29000.0,27000.0,False,False
Data Analyst,Verita HR,Kraków,25000  – 29000  PLN,SQL,/pl/job/data-analyst-verita-hr-krakow-2,25000.0,29000.0,27000.0,False,False
Data Analyst,Verita HR,Kraków,25000  – 29000  PLN,Data visualization,/pl/job/data-analyst-verita-hr-krakow-2,25000.0,29000.0,27000.0,False,False
Data Analyst,Verita HR,Kraków,25000  – 29000  PLN,Dashboarding,/pl/job/data-analyst-verita-hr-krakow-2,25000.0,29000.0,27000.0,False,False
Business Data Analyst,Holisticon Connect,Zdalnie,18480  – 23520  PLN,Business Analysis,/pl/job/business-data-analyst-holisticon-connect-remote,18480.0,23520.0,21000.0,True,False
Business Data Analyst,Holisticon Connect,Zdalnie,18480  – 23520  PLN,Data analytics,/pl/job/business-data-analyst-holisticon-connect-remote,18480.0,23520.0,21000.0,True,False
Business Data Analyst,Holisticon Connect,Zdalnie,18480  – 23520  PLN,BI,/pl/job/business-data-analyst-holisticon-connect-remote,18480.0,23520.0,21000.0,True,False
Business Data Analyst,Holisticon Connect,Zdalnie,18480  – 23520  PLN,Power BI,/pl/job/business-data-analyst-holisticon-connect-remote,18480.0,23520.0,21000.0,True,False
Global Oracle EDMCS Owner – IT Business Analyst  NOWA,Galderma,Zdalnie,,Business Analysis,/pl/job/global-oracle-edmcs-owner-it-business-analyst-galderma-remote,,,,True,False
Global Oracle EDMCS Owner – IT Business Analyst  NOWA,Galderma,Zdalnie,,Oracle,/pl/job/global-oracle-edmcs-owner-it-business-analyst-galderma-remote,,,,True,False
Global Oracle EDMCS Owner – IT Business Analyst  NOWA,Galderma,Zdalnie,,Data management,/pl/job/global-oracle-edmcs-owner-it-business-analyst-galderma-remote,,,,True,False
Senior Product Analyst  NOWA,Xebia sp. z o.o.,Zdalnie,21840  – 30240  PLN,Business Analysis,/pl/job/senior-product-analyst-xebia-remote-1,21840.0,30240.0,26040.0,True,False
Senior Product Analyst  NOWA,Xebia sp. z o.o.,Zdalnie,21840  – 30240  PLN,SQL,/pl/job/senior-product-analyst-xebia-remote-1,21840.0,30240.0,26040.0,True,False
Senior Product Analyst  NOWA,Xebia sp. z o.o.,Zdalnie,21840  – 30240  PLN,Python,/pl/job/senior-product-analyst-xebia-remote-1,21840.0,30240.0,26040.0,True,False
Senior Product Analyst  NOWA,Xebia sp. z o.o.,Zdalnie,21840  – 30240  PLN,Data analysis,/pl/job/senior-product-analyst-xebia-remote-1,21840.0,30240.0,26040.0,True,False
Lead Analytics Consultant  NOWA,Xebia sp. z o.o.,Zdalnie,18480  – 31920  PLN,Data,/pl/job/lead-analytics-consultant-xebia-remote-2,18480.0,31920.0,25200.0,True,False
Lead Analytics Consultant  NOWA,Xebia sp. z o.o.,Zdalnie,18480  – 31920  PLN,Python,/pl/job/lead-analytics-consultant-xebia-remote-2,18480.0,31920.0,25200.0,True,False
Lead Analytics Consultant  NOWA,Xebia sp. z o.o.,Zdalnie,18480  – 31920  PLN,Spark,/pl/job/lead-analytics-consultant-xebia-remote-2,18480.0,31920.0,25200.0,True,False
Lead Analytics Consultant  NOWA,Xebia sp. z o.o.,Zdalnie,18480  – 31920  PLN,Azure,/pl/job/lead-analytics-consultant-xebia-remote-2,18480.0,31920.0,25200.0,True,False
Senior AI Business Analyst / AI Product Engineer (m/f/d)  NOWA,Markant Services International Polska Sp. z o.o.,Zdalnie,,Business Analysis,/pl/job/senior-ai-business-analyst-ai-product-engineer-m-f-d-markant-services-international-polska-remote,,,,True,False
Senior AI Business Analyst / AI Product Engineer (m/f/d)  NOWA,Markant Services International Polska Sp. z o.o.,Zdalnie,,Kanban,/pl/job/senior-ai-business-analyst-ai-product-engineer-m-f-d-markant-services-international-polska-remote,,,,True,False
Senior AI Business Analyst / AI Product Engineer (m/f/d)  NOWA,Markant Services International Polska Sp. z o.o.,Zdalnie,,Product development,/pl/job/senior-ai-business-analyst-ai-product-engineer-m-f-d-markant-services-international-polska-remote,,,,True,False
Senior Technical Business Analyst / Associate Product Owner  NOWA,Square One Resources,Zdalnie,20160  – 25200  PLN,Business Analysis,/pl/job/senior-technical-business-analyst-associate-product-owner-square-one-resources-remote,20160.0,25200.0,22680.0,True,True
Senior Technical Business Analyst / Associate Product Owner  NOWA,Square One Resources,Zdalnie,20160  – 25200  PLN,polski,/pl/job/senior-technical-business-analyst-associate-product-owner-square-one-resources-remote,20160.0,25200.0,22680.0,True,True
Senior Technical Business Analyst / Associate Product Owner  NOWA,Square One Resources,Zdalnie,20160  – 25200  PLN,angielski,/pl/job/senior-technical-business-analyst-associate-product-owner-square-one-resources-remote,20160.0,25200.0,22680.0,True,True
Business Expert – Risk Analytics (m/f/d),CommerzBank,Łódź,,Business Analysis,/pl/job/business-expert-risk-analytics-m-f-d-commerzbank-lodz,,,,False,False
Business Expert – Risk Analytics (m/f/d),CommerzBank,Łódź,,Degree,/pl/job/business-expert-risk-analytics-m-f-d-commerzbank-lodz,,,,False,False
Business Expert – Risk Analytics (m/f/d),CommerzBank,Łódź,,GRC,/pl/job/business-expert-risk-analytics-m-f-d-commerzbank-lodz,,,,False,False
Business Expert – Risk Analytics (m/f/d),CommerzBank,Łódź,,SQL,/pl/job/business-expert-risk-analytics-m-f-d-commerzbank-lodz,,,,False,False
Data & Analytics Consultant (Databricks / Azure),Appstronauts,Zdalnie,18480  – 26040  PLN,Data,/pl/job/data-analytics-consultant-databricks-azure-appstronauts-remote,18480.0,26040.0,22260.0,True,False
Data & Analytics Consultant (Databricks / Azure),Appstronauts,Zdalnie,18480  – 26040  PLN,Apache,/pl/job/data-analytics-consultant-databricks-azure-appstronauts-remote,18480.0,26040.0,22260.0,True,False
Data & Analytics Consultant (Databricks / Azure),Appstronauts,Zdalnie,18480  – 26040  PLN,Spark,/pl/job/data-analytics-consultant-databricks-azure-appstronauts-remote,18480.0,26040.0,22260.0,True,False
Data & Analytics Consultant (Databricks / Azure),Appstronauts,Zdalnie,18480  – 26040  PLN,SQL,/pl/job/data-analytics-consultant-databricks-azure-appstronauts-remote,18480.0,26040.0,22260.0,True,False
Analityk/-czka Danych - Dział Analiz i Rozwoju Danych,T-Mobile Polska,Warszawa,,Data,/pl/job/analityk-czka-danych-dzial-analiz-i-rozwoju-danych-t-mobile-polska-warszawa,,,,False,False
Analityk/-czka Danych - Dział Analiz i Rozwoju Danych,T-Mobile Polska,Warszawa,,System analyst,/pl/job/analityk-czka-danych-dzial-analiz-i-rozwoju-danych-t-mobile-polska-warszawa,,,,False,False
Analityk/-czka Danych - Dział Analiz i Rozwoju Danych,T-Mobile Polska,Warszawa,,SQL,/pl/job/analityk-czka-danych-dzial-analiz-i-rozwoju-danych-t-mobile-polska-warszawa,,,,False,False
Analityk/-czka Danych - Dział Analiz i Rozwoju Danych,T-Mobile Polska,Warszawa,,BigQuery,/pl/job/analityk-czka-danych-dzial-analiz-i-rozwoju-danych-t-mobile-polska-warszawa,,,,False,False
People Analytics Specialist (Data & Strategy),Antal,Wrocław,,HR,/pl/job/people-analytics-specialist-data-strategy-antal-wroclaw,,,,False,False
People Analytics Specialist (Data & Strategy),Antal,Wrocław,,Business Intelligence,/pl/job/people-analytics-specialist-data-strategy-antal-wroclaw,,,,False,False
People Analytics Specialist (Data & Strategy),Antal,Wrocław,,Data analytics,/pl/job/people-analytics-specialist-data-strategy-antal-wroclaw,,,,False,False
People Analytics Specialist (Data & Strategy),Antal,Wrocław,,HR analytics,/pl/job/people-analytics-specialist-data-strategy-antal-wroclaw,,,,False,False
Product Owner / Business Analyst,"AVENGA (Agencja Pracy, nr KRAZ: 8448)",Zdalnie,19320  – 21000  PLN,Business Analysis,/pl/job/product-owner-business-analyst-avenga-agencja-pracy-nr-kraz-8448-remote,19320.0,21000.0,20160.0,True,False
Product Owner / Business Analyst,"AVENGA (Agencja Pracy, nr KRAZ: 8448)",Zdalnie,19320  – 21000  PLN,Product Manager,/pl/job/product-owner-business-analyst-avenga-agencja-pracy-nr-kraz-8448-remote,19320.0,21000.0,20160.0,True,False
Product Owner / Business Analyst,"AVENGA (Agencja Pracy, nr KRAZ: 8448)",Zdalnie,19320  – 21000  PLN,Web and mobile applications,/pl/job/product-owner-business-analyst-avenga-agencja-pracy-nr-kraz-8448-remote,19320.0,21000.0,20160.0,True,False
Data & Business Analytics Consultant (Controlling),Elitmind,Zdalnie,16800  – 25200  PLN,Data,/pl/job/data-business-analytics-consultant-controlling-elitmind-remote,16800.0,25200.0,21000.0,True,False
Data & Business Analytics Consultant (Controlling),Elitmind,Zdalnie,16800  – 25200  PLN,System analysis,/pl/job/data-business-analytics-consultant-controlling-elitmind-remote,16800.0,25200.0,21000.0,True,False
Data & Business Analytics Consultant (Controlling),Elitmind,Zdalnie,16800  – 25200  PLN,AI,/pl/job/data-business-analytics-consultant-controlling-elitmind-remote,16800.0,25200.0,21000.0,True,False
Data & Business Analytics Consultant (Controlling),Elitmind,Zdalnie,16800  – 25200  PLN,Data analysis,/pl/job/data-business-analytics-consultant-controlling-elitmind-remote,16800.0,25200.0,21000.0,True,False
"Data Analyst (Process Mining, BI)",Capgemini,Kraków,,Data,/pl/job/data-analyst-process-mining-bi-capgemini-krakow,,,,False,False
"Data Analyst (Process Mining, BI)",Capgemini,Kraków,,BI,/pl/job/data-analyst-process-mining-bi-capgemini-krakow,,,,False,False
"Data Analyst (Process Mining, BI)",Capgemini,Kraków,,Data visualization,/pl/job/data-analyst-process-mining-bi-capgemini-krakow,,,,False,False
"Data Analyst (Process Mining, BI)",Capgemini,Kraków,,SAP,/pl/job/data-analyst-process-mining-bi-capgemini-krakow,,,,False,False
Data Analyst,Verita HR,Kraków,25000  – 29000  PLN,Data,/pl/job/data-analyst-verita-hr-krakow-2,25000.0,29000.0,27000.0,False,False
Data Analyst,Verita HR,Kraków,25000  – 29000  PLN,SQL,/pl/job/data-analyst-verita-hr-krakow-2,25000.0,29000.0,27000.0,False,False
Data Analyst,Verita HR,Kraków,25000  – 29000  PLN,Data visualization,/pl/job/data-analyst-verita-hr-krakow-2,25000.0,29000.0,27000.0,False,False
Data Analyst,Verita HR,Kraków,25000  – 29000  PLN,Dashboarding,/pl/job/data-analyst-verita-hr-krakow-2,25000.0,29000.0,27000.0,False,False
Business Data Analyst,Holisticon Connect,Zdalnie,18480  – 23520  PLN,Business Analysis,/pl/job/business-data-analyst-holisticon-connect-remote,18480.0,23520.0,21000.0,True,False
Business Data Analyst,Holisticon Connect,Zdalnie,18480  – 23520  PLN,Data analytics,/pl/job/business-data-analyst-holisticon-connect-remote,18480.0,23520.0,21000.0,True,False
Business Data Analyst,Holisticon Connect,Zdalnie,18480  – 23520  PLN,BI,/pl/job/business-data-analyst-holisticon-connect-remote,18480.0,23520.0,21000.0,True,False
Business Data Analyst,Holisticon Connect,Zdalnie,18480  – 23520  PLN,Power BI,/pl/job/business-data-analyst-holisticon-connect-remote,18480.0,23520.0,21000.0,True,False
Global Oracle EDMCS Owner – IT Business Analyst  NOWA,Galderma,Zdalnie,,Business Analysis,/pl/job/global-oracle-edmcs-owner-it-business-analyst-galderma-remote,,,,True,False
Global Oracle EDMCS Owner – IT Business Analyst  NOWA,Galderma,Zdalnie,,Oracle,/pl/job/global-oracle-edmcs-owner-it-business-analyst-galderma-remote,,,,True,False
Global Oracle EDMCS Owner – IT Business Analyst  NOWA,Galderma,Zdalnie,,Data management,/pl/job/global-oracle-edmcs-owner-it-business-analyst-galderma-remote,,,,True,False
Senior Product Analyst  NOWA,Xebia sp. z o.o.,Zdalnie,21840  – 30240  PLN,Business Analysis,/pl/job/senior-product-analyst-xebia-remote-1,21840.0,30240.0,26040.0,True,False
Senior Product Analyst  NOWA,Xebia sp. z o.o.,Zdalnie,21840  – 30240  PLN,SQL,/pl/job/senior-product-analyst-xebia-remote-1,21840.0,30240.0,26040.0,True,False
Senior Product Analyst  NOWA,Xebia sp. z o.o.,Zdalnie,21840  – 30240  PLN,Python,/pl/job/senior-product-analyst-xebia-remote-1,21840.0,30240.0,26040.0,True,False
Senior Product Analyst  NOWA,Xebia sp. z o.o.,Zdalnie,21840  – 30240  PLN,Data analysis,/pl/job/senior-product-analyst-xebia-remote-1,21840.0,30240.0,26040.0,True,False
Lead Analytics Consultant  NOWA,Xebia sp. z o.o.,Zdalnie,18480  – 31920  PLN,Data,/pl/job/lead-analytics-consultant-xebia-remote-2,18480.0,31920.0,25200.0,True,False
Lead Analytics Consultant  NOWA,Xebia sp. z o.o.,Zdalnie,18480  – 31920  PLN,Python,/pl/job/lead-analytics-consultant-xebia-remote-2,18480.0,31920.0,25200.0,True,False
Lead Analytics Consultant  NOWA,Xebia sp. z o.o.,Zdalnie,18480  – 31920  PLN,Spark,/pl/job/lead-analytics-consultant-xebia-remote-2,18480.0,31920.0,25200.0,True,False
Lead Analytics Consultant  NOWA,Xebia sp. z o.o.,Zdalnie,18480  – 31920  PLN,Azure,/pl/job/lead-analytics-consultant-xebia-remote-2,18480.0,31920.0,25200.0,True,False
Senior AI Business Analyst / AI Product Engineer (m/f/d)  NOWA,Markant Services International Polska Sp. z o.o.,Zdalnie,,Business Analysis,/pl/job/senior-ai-business-analyst-ai-product-engineer-m-f-d-markant-services-international-polska-remote,,,,True,False
Senior AI Business Analyst / AI Product Engineer (m/f/d)  NOWA,Markant Services International Polska Sp. z o.o.,Zdalnie,,Kanban,/pl/job/senior-ai-business-analyst-ai-product-engineer-m-f-d-markant-services-international-polska-remote,,,,True,False
Senior AI Business Analyst / AI Product Engineer (m/f/d)  NOWA,Markant Services International Polska Sp. z o.o.,Zdalnie,,Product development,/pl/job/senior-ai-business-analyst-ai-product-engineer-m-f-d-markant-services-international-polska-remote,,,,True,False
Senior Technical Business Analyst / Associate Product Owner  NOWA,Square One Resources,Zdalnie,20160  – 25200  PLN,Business Analysis,/pl/job/senior-technical-business-analyst-associate-product-owner-square-one-resources-remote,20160.0,25200.0,22680.0,True,True
Senior Technical Business Analyst / Associate Product Owner  NOWA,Square One Resources,Zdalnie,20160  – 25200  PLN,polski,/pl/job/senior-technical-business-analyst-associate-product-owner-square-one-resources-remote,20160.0,25200.0,22680.0,True,True
Senior Technical Business Analyst / Associate Product Owner  NOWA,Square One Resources,Zdalnie,20160  – 25200  PLN,angielski,/pl/job/senior-technical-business-analyst-associate-product-owner-square-one-resources-remote,20160.0,25200.0,22680.0,True,True
Business Expert – Risk Analytics (m/f/d),CommerzBank,Łódź,,Business Analysis,/pl/job/business-expert-risk-analytics-m-f-d-commerzbank-lodz,,,,False,False
Business Expert – Risk Analytics (m/f/d),CommerzBank,Łódź,,Degree,/pl/job/business-expert-risk-analytics-m-f-d-commerzbank-lodz,,,,False,False
Business Expert – Risk Analytics (m/f/d),CommerzBank,Łódź,,GRC,/pl/job/business-expert-risk-analytics-m-f-d-commerzbank-lodz,,,,False,False
Business Expert – Risk Analytics (m/f/d),CommerzBank,Łódź,,SQL,/pl/job/business-expert-risk-analytics-m-f-d-commerzbank-lodz,,,,False,False
Data & Analytics Consultant (Databricks / Azure),Appstronauts,Zdalnie,18480  – 26040  PLN,Data,/pl/job/data-analytics-consultant-databricks-azure-appstronauts-remote,18480.0,26040.0,22260.0,True,False
Data & Analytics Consultant (Databricks / Azure),Appstronauts,Zdalnie,18480  – 26040  PLN,Apache,/pl/job/data-analytics-consultant-databricks-azure-appstronauts-remote,18480.0,26040.0,22260.0,True,False
Data & Analytics Consultant (Databricks / Azure),Appstronauts,Zdalnie,18480  – 26040  PLN,Spark,/pl/job/data-analytics-consultant-databricks-azure-appstronauts-remote,18480.0,26040.0,22260.0,True,False
Data & Analytics Consultant (Databricks / Azure),Appstronauts,Zdalnie,18480  – 26040  PLN,SQL,/pl/job/data-analytics-consultant-databricks-azure-appstronauts-remote,18480.0,26040.0,22260.0,True,False
Analityk/-czka Danych - Dział Analiz i Rozwoju Danych,T-Mobile Polska,Warszawa,,Data,/pl/job/analityk-czka-danych-dzial-analiz-i-rozwoju-danych-t-mobile-polska-warszawa,,,,False,False
Analityk/-czka Danych - Dział Analiz i Rozwoju Danych,T-Mobile Polska,Warszawa,,System analyst,/pl/job/analityk-czka-danych-dzial-analiz-i-rozwoju-danych-t-mobile-polska-warszawa,,,,False,False
Analityk/-czka Danych - Dział Analiz i Rozwoju Danych,T-Mobile Polska,Warszawa,,SQL,/pl/job/analityk-czka-danych-dzial-analiz-i-rozwoju-danych-t-mobile-polska-warszawa,,,,False,False
Analityk/-czka Danych - Dział Analiz i Rozwoju Danych,T-Mobile Polska,Warszawa,,BigQuery,/pl/job/analityk-czka-danych-dzial-analiz-i-rozwoju-danych-t-mobile-polska-warszawa,,,,False,False
People Analytics Specialist (Data & Strategy),Antal,Wrocław,,HR,/pl/job/people-analytics-specialist-data-strategy-antal-wroclaw,,,,False,False
People Analytics Specialist (Data & Strategy),Antal,Wrocław,,Business Intelligence,/pl/job/people-analytics-specialist-data-strategy-antal-wroclaw,,,,False,False
People Analytics Specialist (Data & Strategy),Antal,Wrocław,,Data analytics,/pl/job/people-analytics-specialist-data-strategy-antal-wroclaw,,,,False,False
People Analytics Specialist (Data & Strategy),Antal,Wrocław,,HR analytics,/pl/job/people-analytics-specialist-data-strategy-antal-wroclaw,,,,False,False
Product Owner / Business Analyst,"AVENGA (Agencja Pracy, nr KRAZ: 8448)",Zdalnie,19320  – 21000  PLN,Business Analysis,/pl/job/product-owner-business-analyst-avenga-agencja-pracy-nr-kraz-8448-remote,19320.0,21000.0,20160.0,True,False
Product Owner / Business Analyst,"AVENGA (Agencja Pracy, nr KRAZ: 8448)",Zdalnie,19320  – 21000  PLN,Product Manager,/pl/job/product-owner-business-analyst-avenga-agencja-pracy-nr-kraz-8448-remote,19320.0,21000.0,20160.0,True,False
Product Owner / Business Analyst,"AVENGA (Agencja Pracy, nr KRAZ: 8448)",Zdalnie,19320  – 21000  PLN,Web and mobile applications,/pl/job/product-owner-business-analyst-avenga-agencja-pracy-nr-kraz-8448-remote,19320.0,21000.0,20160.0,True,False
Data & Business Analytics Consultant (Controlling),Elitmind,Zdalnie,16800  – 25200  PLN,Data,/pl/job/data-business-analytics-consultant-controlling-elitmind-remote,16800.0,25200.0,21000.0,True,False
Data & Business Analytics Consultant (Controlling),Elitmind,Zdalnie,16800  – 25200  PLN,System analysis,/pl/job/data-business-analytics-consultant-controlling-elitmind-remote,16800.0,25200.0,21000.0,True,False
Data & Business Analytics Consultant (Controlling),Elitmind,Zdalnie,16800  – 25200  PLN,AI,/pl/job/data-business-analytics-consultant-controlling-elitmind-remote,16800.0,25200.0,21000.0,True,False
Data & Business Analytics Consultant (Controlling),Elitmind,Zdalnie,16800  – 25200  PLN,Data analysis,/pl/job/data-business-analytics-consultant-controlling-elitmind-remote,16800.0,25200.0,21000.0,True,False
Mid Java Developer  NOWA,Link Group,Warszawa,16800  – 23520  PLN,Backend,/pl/job/mid-java-developer-link-group-warszawa-1,16800.0,23520.0,20160.0,False,False
Mid Java Developer  NOWA,Link Group,Warszawa,16800  – 23520  PLN,Java,/pl/job/mid-java-developer-link-group-warszawa-1,16800.0,23520.0,20160.0,False,False
Mid Java Developer  NOWA,Link Group,Warszawa,16800  – 23520  PLN,Spring Boot,/pl/job/mid-java-developer-link-group-warszawa-1,16800.0,23520.0,20160.0,False,False
Mid Java Developer  NOWA,Link Group,Warszawa,16800  – 23520  PLN,Spring,/pl/job/mid-java-developer-link-group-warszawa-1,16800.0,23520.0,20160.0,False,False
Senior Java Developer/Tech Lead,Link Group,Warszawa,40000  – 52000  PLN,Backend,/pl/job/senior-java-developer-tech-lead-link-group-warszawa-1,40000.0,52000.0,46000.0,False,False
Senior Java Developer/Tech Lead,Link Group,Warszawa,40000  – 52000  PLN,Java,/pl/job/senior-java-developer-tech-lead-link-group-warszawa-1,40000.0,52000.0,46000.0,False,False
Senior Java Developer/Tech Lead,Link Group,Warszawa,40000  – 52000  PLN,Communication skills,/pl/job/senior-java-developer-tech-lead-link-group-warszawa-1,40000.0,52000.0,46000.0,False,False
Senior Java Developer/Tech Lead,Link Group,Warszawa,40000  – 52000  PLN,Financial/trading systems,/pl/job/senior-java-developer-tech-lead-link-group-warszawa-1,40000.0,52000.0,46000.0,False,False
Marketing Project Specialist  NOWA,1dea,Zdalnie,20160  – 23520  PLN,Marketing,/pl/job/marketing-project-specialist-1dea-remote,20160.0,23520.0,21840.0,True,True
Marketing Project Specialist  NOWA,1dea,Zdalnie,20160  – 23520  PLN,CRM,/pl/job/marketing-project-specialist-1dea-remote,20160.0,23520.0,21840.0,True,True
Marketing Project Specialist  NOWA,1dea,Zdalnie,20160  – 23520  PLN,polski,/pl/job/marketing-project-specialist-1dea-remote,20160.0,23520.0,21840.0,True,True
Marketing Project Specialist  NOWA,1dea,Zdalnie,20160  – 23520  PLN,angielski,/pl/job/marketing-project-specialist-1dea-remote,20160.0,23520.0,21840.0,True,True
Site Reliability Engineer,Link Group,Warszawa,32000  – 44000  PLN,DevOps,/pl/job/site-reliability-engineer-link-group-warszawa-1,32000.0,44000.0,38000.0,False,False
Site Reliability Engineer,Link Group,Warszawa,32000  – 44000  PLN,SRE,/pl/job/site-reliability-engineer-link-group-warszawa-1,32000.0,44000.0,38000.0,False,False
Site Reliability Engineer,Link Group,Warszawa,32000  – 44000  PLN,K8s,/pl/job/site-reliability-engineer-link-group-warszawa-1,32000.0,44000.0,38000.0,False,False
Site Reliability Engineer,Link Group,Warszawa,32000  – 44000  PLN,Cloud,/pl/job/site-reliability-engineer-link-group-warszawa-1,32000.0,44000.0,38000.0,False,False
Koordynator/ka ds. Fundacji | Dołącz do organizacji z misją,Job Impulse,Poznań,8000  – 12000  PLN,Administracja biurowa,/pl/job/koordynator-ka-ds-fundacji-dolacz-do-organizacji-z-misja-job-impulse-poznan,8000.0,12000.0,10000.0,False,False
Koordynator/ka ds. Fundacji | Dołącz do organizacji z misją,Job Impulse,Poznań,8000  – 12000  PLN,Excel,/pl/job/koordynator-ka-ds-fundacji-dolacz-do-organizacji-z-misja-job-impulse-poznan,8000.0,12000.0,10000.0,False,False
Koordynator/ka ds. Fundacji | Dołącz do organizacji z misją,Job Impulse,Poznań,8000  – 12000  PLN,PowerPoint,/pl/job/koordynator-ka-ds-fundacji-dolacz-do-organizacji-z-misja-job-impulse-poznan,8000.0,12000.0,10000.0,False,False
Koordynator/ka ds. Fundacji | Dołącz do organizacji z misją,Job Impulse,Poznań,8000  – 12000  PLN,Prawo jazdy kat. B,/pl/job/koordynator-ka-ds-fundacji-dolacz-do-organizacji-z-misja-job-impulse-poznan,8000.0,12000.0,10000.0,False,False
Kierownik/Kierowniczka Sekcji Rozwoju Sztucznej Inteligencji/AI,Sieć Badawcza Łukasiewicz - Poznański Instytut Technologiczny,Poznań,17000  – 20000  PLN,AI/ML,/pl/job/kierownik-kierowniczka-sekcji-rozwoju-sztucznej-inteligencji-ai-siec-badawcza-lukasiewicz-poznanski-instytut-technologiczny-poznan,17000.0,20000.0,18500.0,False,False
Kierownik/Kierowniczka Sekcji Rozwoju Sztucznej Inteligencji/AI,Sieć Badawcza Łukasiewicz - Poznański Instytut Technologiczny,Poznań,17000  – 20000  PLN,AI,/pl/job/kierownik-kierowniczka-sekcji-rozwoju-sztucznej-inteligencji-ai-siec-badawcza-lukasiewicz-poznanski-instytut-technologiczny-poznan,17000.0,20000.0,18500.0,False,False
Kierownik/Kierowniczka Sekcji Rozwoju Sztucznej Inteligencji/AI,Sieć Badawcza Łukasiewicz - Poznański Instytut Technologiczny,Poznań,17000  – 20000  PLN,Managment,/pl/job/kierownik-kierowniczka-sekcji-rozwoju-sztucznej-inteligencji-ai-siec-badawcza-lukasiewicz-poznanski-instytut-technologiczny-poznan,17000.0,20000.0,18500.0,False,False
Kierownik/Kierowniczka Sekcji Rozwoju Sztucznej Inteligencji/AI,Sieć Badawcza Łukasiewicz - Poznański Instytut Technologiczny,Poznań,17000  – 20000  PLN,R&D,/pl/job/kierownik-kierowniczka-sekcji-rozwoju-sztucznej-inteligencji-ai-siec-badawcza-lukasiewicz-poznanski-instytut-technologiczny-poznan,17000.0,20000.0,18500.0,False,False
Senior Java Developer  NOWA,Link Group,Warszawa,21840  – 26880  PLN,Backend,/pl/job/senior-java-developer-link-group-warszawa-13,21840.0,26880.0,24360.0,False,False
Senior Java Developer  NOWA,Link Group,Warszawa,21840  – 26880  PLN,Java,/pl/job/senior-java-developer-link-group-warszawa-13,21840.0,26880.0,24360.0,False,False
Senior Java Developer  NOWA,Link Group,Warszawa,21840  – 26880  PLN,Spring,/pl/job/senior-java-developer-link-group-warszawa-13,21840.0,26880.0,24360.0,False,False
Senior Java Developer  NOWA,Link Group,Warszawa,21840  – 26880  PLN,Boot,/pl/job/senior-java-developer-link-group-warszawa-13,21840.0,26880.0,24360.0,False,False
Senior Fullstack Developer (FM) – Java + React  NOWA,drEryk,Zdalnie,18000  – 24000  PLN,Fullstack,/pl/job/senior-fullstack-developer-fm-java-react-dreryk-remote,18000.0,24000.0,21000.0,True,False
Senior Fullstack Developer (FM) – Java + React  NOWA,drEryk,Zdalnie,18000  – 24000  PLN,Java,/pl/job/senior-fullstack-developer-fm-java-react-dreryk-remote,18000.0,24000.0,21000.0,True,False
Senior Fullstack Developer (FM) – Java + React  NOWA,drEryk,Zdalnie,18000  – 24000  PLN,React,/pl/job/senior-fullstack-developer-fm-java-react-dreryk-remote,18000.0,24000.0,21000.0,True,False
Senior Fullstack Developer (FM) – Java + React  NOWA,drEryk,Zdalnie,18000  – 24000  PLN,TypeScript,/pl/job/senior-fullstack-developer-fm-java-react-dreryk-remote,18000.0,24000.0,21000.0,True,False
Business Analyst  NOWA,Scalo,Warszawa,21840  – 23520  PLN,Data,/pl/job/business-analyst-scalo-warszawa-27,21840.0,23520.0,22680.0,False,False
Business Analyst  NOWA,Scalo,Warszawa,21840  – 23520  PLN,CRM,/pl/job/business-analyst-scalo-warszawa-27,21840.0,23520.0,22680.0,False,False
Business Analyst  NOWA,Scalo,Warszawa,21840  – 23520  PLN,Jira,/pl/job/business-analyst-scalo-warszawa-27,21840.0,23520.0,22680.0,False,False
Business Analyst  NOWA,Scalo,Warszawa,21840  – 23520  PLN,Confluence,/pl/job/business-analyst-scalo-warszawa-27,21840.0,23520.0,22680.0,False,False
Senior Business-System Analyst  NOWA,Scalo,Łódź,21840  – 23520  PLN,Data,/pl/job/senior-business-system-analyst-scalo-lodz-1,21840.0,23520.0,22680.0,False,True
Senior Business-System Analyst  NOWA,Scalo,Łódź,21840  – 23520  PLN,R,/pl/job/senior-business-system-analyst-scalo-lodz-1,21840.0,23520.0,22680.0,False,True
Senior Business-System Analyst  NOWA,Scalo,Łódź,21840  – 23520  PLN,angielski,/pl/job/senior-business-system-analyst-scalo-lodz-1,21840.0,23520.0,22680.0,False,True
Senior Business-System Analyst  NOWA,Scalo,Łódź,21840  – 23520  PLN,polski,/pl/job/senior-business-system-analyst-scalo-lodz-1,21840.0,23520.0,22680.0,False,True
Business Analyst  NOWA,Scalo,Warszawa,19320  – 21000  PLN,Data,/pl/job/business-analyst-scalo-warszawa-26,19320.0,21000.0,20160.0,False,False
Business Analyst  NOWA,Scalo,Warszawa,19320  – 21000  PLN,Jira,/pl/job/business-analyst-scalo-warszawa-26,19320.0,21000.0,20160.0,False,False
Business Analyst  NOWA,Scalo,Warszawa,19320  – 21000  PLN,Confluence,/pl/job/business-analyst-scalo-warszawa-26,19320.0,21000.0,20160.0,False,False
Business Analyst  NOWA,Scalo,Warszawa,19320  – 21000  PLN,SAFe,/pl/job/business-analyst-scalo-warszawa-26,19320.0,21000.0,20160.0,False,False
Senior Technical Business Analyst   NOWA,Verita HR,Kraków,23520  – 30240  PLN,Business Analysis,/pl/job/senior-technical-business-analyst-verita-hr-krakow,23520.0,30240.0,26880.0,False,False
Senior Technical Business Analyst   NOWA,Verita HR,Kraków,23520  – 30240  PLN,Data analysis,/pl/job/senior-technical-business-analyst-verita-hr-krakow,23520.0,30240.0,26880.0,False,False
Senior Technical Business Analyst   NOWA,Verita HR,Kraków,23520  – 30240  PLN,Business Analysis,/pl/job/senior-technical-business-analyst-verita-hr-krakow,23520.0,30240.0,26880.0,False,False
Senior Technical Business Analyst   NOWA,Verita HR,Kraków,23520  – 30240  PLN,Data management,/pl/job/senior-technical-business-analyst-verita-hr-krakow,23520.0,30240.0,26880.0,False,False
Technical Business Analyst  NOWA,Ework Group,Wrocław,23520  – 26880  PLN,Business Analysis,/pl/job/technical-business-analyst-ework-group-wroclaw,23520.0,26880.0,25200.0,False,True
Technical Business Analyst  NOWA,Ework Group,Wrocław,23520  – 26880  PLN,polski,/pl/job/technical-business-analyst-ework-group-wroclaw,23520.0,26880.0,25200.0,False,True
Technical Business Analyst  NOWA,Ework Group,Wrocław,23520  – 26880  PLN,angielski,/pl/job/technical-business-analyst-ework-group-wroclaw,23520.0,26880.0,25200.0,False,True
IT Business Analyst (Workday)  NOWA,Square One Resources,Zdalnie,13440  – 20160  PLN,Business Analysis,/pl/job/it-business-analyst-workday-square-one-resources-remote,13440.0,20160.0,16800.0,True,True
IT Business Analyst (Workday)  NOWA,Square One Resources,Zdalnie,13440  – 20160  PLN,Workday,/pl/job/it-business-analyst-workday-square-one-resources-remote,13440.0,20160.0,16800.0,True,True
IT Business Analyst (Workday)  NOWA,Square One Resources,Zdalnie,13440  – 20160  PLN,angielski,/pl/job/it-business-analyst-workday-square-one-resources-remote,13440.0,20160.0,16800.0,True,True
IT Business Analyst for AI  NOWA,Galderma,Kraków,,AI/ML,/pl/job/it-business-analyst-for-ai-galderma-krakow-1,,,,False,False
IT Business Analyst for AI  NOWA,Galderma,Kraków,,AI,/pl/job/it-business-analyst-for-ai-galderma-krakow-1,,,,False,False
IT Business Analyst for AI  NOWA,Galderma,Kraków,,Business Analysis,/pl/job/it-business-analyst-for-ai-galderma-krakow-1,,,,False,False
IT Business Analyst for AI  NOWA,Galderma,Kraków,,Automation,/pl/job/it-business-analyst-for-ai-galderma-krakow-1,,,,False,False
Senior Business Analyst [M/F]  NOWA,Arche Solutions,Zdalnie,26880  – 31920  PLN,Administracja biurowa,/pl/job/senior-business-analyst-m-f-arche-solutions-remote,26880.0,31920.0,29400.0,True,False
Senior Business Analyst [M/F]  NOWA,Arche Solutions,Zdalnie,26880  – 31920  PLN,UML,/pl/job/senior-business-analyst-m-f-arche-solutions-remote,26880.0,31920.0,29400.0,True,False
Senior Business Analyst [M/F]  NOWA,Arche Solutions,Zdalnie,26880  – 31920  PLN,BPMN,/pl/job/senior-business-analyst-m-f-arche-solutions-remote,26880.0,31920.0,29400.0,True,False
Senior Business Analyst [M/F]  NOWA,Arche Solutions,Zdalnie,26880  – 31920  PLN,Enterprise Architect,/pl/job/senior-business-analyst-m-f-arche-solutions-remote,26880.0,31920.0,29400.0,True,False
Valuation Control Business Analyst  NOWA,Belvedere Recruitment,Kraków,,Business Analysis,/pl/job/valuation-control-business-analyst-belvedere-recruitment-krakow,,,,False,False
Valuation Control Business Analyst  NOWA,Belvedere Recruitment,Kraków,,Degree,/pl/job/valuation-control-business-analyst-belvedere-recruitment-krakow,,,,False,False
Valuation Control Business Analyst  NOWA,Belvedere Recruitment,Kraków,,Financial instruments,/pl/job/valuation-control-business-analyst-belvedere-recruitment-krakow,,,,False,False
Valuation Control Business Analyst  NOWA,Belvedere Recruitment,Kraków,,Excel,/pl/job/valuation-control-business-analyst-belvedere-recruitment-krakow,,,,False,False
IDPP Technical Business Analyst  NOWA,Mindbox Sp. z o.o.,Kraków,21000  – 25200  PLN,Business Analysis,/pl/job/idpp-technical-business-analyst-mindbox-krakow,21000.0,25200.0,23100.0,False,False
IDPP Technical Business Analyst  NOWA,Mindbox Sp. z o.o.,Kraków,21000  – 25200  PLN,IAM,/pl/job/idpp-technical-business-analyst-mindbox-krakow,21000.0,25200.0,23100.0,False,False
IDPP Technical Business Analyst  NOWA,Mindbox Sp. z o.o.,Kraków,21000  – 25200  PLN,AD,/pl/job/idpp-technical-business-analyst-mindbox-krakow,21000.0,25200.0,23100.0,False,False
IT Business Analyst (K/M) K/M  NOWA,ASTEK Polska,Warszawa,16800  – 21000  PLN,Data,/pl/job/it-business-analyst-k-m-k-m-astek-polska-warszawa-2,16800.0,21000.0,18900.0,False,False
IT Business Analyst (K/M) K/M  NOWA,ASTEK Polska,Warszawa,16800  – 21000  PLN,MS Office,/pl/job/it-business-analyst-k-m-k-m-astek-polska-warszawa-2,16800.0,21000.0,18900.0,False,False
IT Business Analyst (K/M) K/M  NOWA,ASTEK Polska,Warszawa,16800  – 21000  PLN,polski,/pl/job/it-business-analyst-k-m-k-m-astek-polska-warszawa-2,16800.0,21000.0,18900.0,False,False
Senior Business Analyst   NOWA,Belvedere Recruitment,Kraków,20160  – 26880  PLN,Business Analysis,/pl/job/senior-business-analyst-belvedere-recruitment-krakow,20160.0,26880.0,23520.0,False,False
Senior Business Analyst   NOWA,Belvedere Recruitment,Kraków,20160  – 26880  PLN,Business Analysis,/pl/job/senior-business-analyst-belvedere-recruitment-krakow,20160.0,26880.0,23520.0,False,False
Senior Business Analyst   NOWA,Belvedere Recruitment,Kraków,20160  – 26880  PLN,Project management,/pl/job/senior-business-analyst-belvedere-recruitment-krakow,20160.0,26880.0,23520.0,False,False
Senior Business Analyst   NOWA,Belvedere Recruitment,Kraków,20160  – 26880  PLN,Confluence,/pl/job/senior-business-analyst-belvedere-recruitment-krakow,20160.0,26880.0,23520.0,False,False
Business Analyst - Valuations & Analytics  NOWA,Belvedere Recruitment,Kraków,20160  – 30240  PLN,Business Analysis,/pl/job/business-analyst-valuations-analytics-belvedere-recruitment-krakow,20160.0,30240.0,25200.0,False,False
Business Analyst - Valuations & Analytics  NOWA,Belvedere Recruitment,Kraków,20160  – 30240  PLN,Stakeholder management,/pl/job/business-analyst-valuations-analytics-belvedere-recruitment-krakow,20160.0,30240.0,25200.0,False,False
Business Analyst - Valuations & Analytics  NOWA,Belvedere Recruitment,Kraków,20160  – 30240  PLN,Derivatives,/pl/job/business-analyst-valuations-analytics-belvedere-recruitment-krakow,20160.0,30240.0,25200.0,False,False
Business Analyst - Valuations & Analytics  NOWA,Belvedere Recruitment,Kraków,20160  – 30240  PLN,IFRS,/pl/job/business-analyst-valuations-analytics-belvedere-recruitment-krakow,20160.0,30240.0,25200.0,False,False
IT Business Analyst  NOWA,Eversis,Zdalnie,19000  – 21000  PLN,Business Analysis,/pl/job/it-business-analyst-eversis-remote-3,19000.0,21000.0,20000.0,True,False
IT Business Analyst  NOWA,Eversis,Zdalnie,19000  – 21000  PLN,Business Analysis,/pl/job/it-business-analyst-eversis-remote-3,19000.0,21000.0,20000.0,True,False
IT Business Analyst  NOWA,Eversis,Zdalnie,19000  – 21000  PLN,AI,/pl/job/it-business-analyst-eversis-remote-3,19000.0,21000.0,20000.0,True,False
IT Business Analyst  NOWA,Eversis,Zdalnie,19000  – 21000  PLN,Requirements analysis,/pl/job/it-business-analyst-eversis-remote-3,19000.0,21000.0,20000.0,True,False
Technical Business Analyst  NOWA,Link Group,Zdalnie,20000  – 24000  PLN,Business Analysis,/pl/job/technical-business-analyst-link-group-remote-1,20000.0,24000.0,22000.0,True,False
Technical Business Analyst  NOWA,Link Group,Zdalnie,20000  – 24000  PLN,System integration,/pl/job/technical-business-analyst-link-group-remote-1,20000.0,24000.0,22000.0,True,False
Technical Business Analyst  NOWA,Link Group,Zdalnie,20000  – 24000  PLN,API,/pl/job/technical-business-analyst-link-group-remote-1,20000.0,24000.0,22000.0,True,False
Business Analyst (Manufacturing)  NOWA,Square One Resources,Poznań,16800  – 25200  PLN,Business Analysis,/pl/job/business-analyst-manufacturing-square-one-resources-poznan,16800.0,25200.0,21000.0,False,False
Business Analyst (Manufacturing)  NOWA,Square One Resources,Poznań,16800  – 25200  PLN,MES,/pl/job/business-analyst-manufacturing-square-one-resources-poznan,16800.0,25200.0,21000.0,False,False
Business Analyst (Manufacturing)  NOWA,Square One Resources,Poznań,16800  – 25200  PLN,SCADA,/pl/job/business-analyst-manufacturing-square-one-resources-poznan,16800.0,25200.0,21000.0,False,False
Business Analyst (Manufacturing)  NOWA,Square One Resources,Poznań,16800  – 25200  PLN,ERP,/pl/job/business-analyst-manufacturing-square-one-resources-poznan,16800.0,25200.0,21000.0,False,False
Business Analyst  NOWA,Scalo,Warszawa,18480  – 20160  PLN,Business Analysis,/pl/job/business-analyst-scalo-warszawa-22,18480.0,20160.0,19320.0,False,False
Business Analyst  NOWA,Scalo,Warszawa,18480  – 20160  PLN,CRM,/pl/job/business-analyst-scalo-warszawa-22,18480.0,20160.0,19320.0,False,False
Business Analyst  NOWA,Scalo,Warszawa,18480  – 20160  PLN,R,/pl/job/business-analyst-scalo-warszawa-22,18480.0,20160.0,19320.0,False,False
Business Analyst  NOWA,Scalo,Warszawa,18480  – 20160  PLN,ERP,/pl/job/business-analyst-scalo-warszawa-22,18480.0,20160.0,19320.0,False,False
Business Analyst   NOWA,"AVENGA (Agencja Pracy, nr KRAZ: 8448)",Warszawa,23520  – 26880  PLN,Business Analysis,/pl/job/business-analyst-avenga-agencja-pracy-nr-kraz-8448-warszawa,23520.0,26880.0,25200.0,False,False
Business Analyst   NOWA,"AVENGA (Agencja Pracy, nr KRAZ: 8448)",Warszawa,23520  – 26880  PLN,Business Analysis,/pl/job/business-analyst-avenga-agencja-pracy-nr-kraz-8448-warszawa,23520.0,26880.0,25200.0,False,False
Business Analyst   NOWA,"AVENGA (Agencja Pracy, nr KRAZ: 8448)",Warszawa,23520  – 26880  PLN,GRC,/pl/job/business-analyst-avenga-agencja-pracy-nr-kraz-8448-warszawa,23520.0,26880.0,25200.0,False,False
Business Analyst   NOWA,"AVENGA (Agencja Pracy, nr KRAZ: 8448)",Warszawa,23520  – 26880  PLN,Requirements gathering,/pl/job/business-analyst-avenga-agencja-pracy-nr-kraz-8448-warszawa,23520.0,26880.0,25200.0,False,False
Creatio Business Analyst | Ukraine  NOWA,Deloitte,Zdalnie,,Business Analysis,/pl/job/creatio-business-analyst-ukraine-deloitte-remote,,,,True,False
Creatio Business Analyst | Ukraine  NOWA,Deloitte,Zdalnie,,CRM,/pl/job/creatio-business-analyst-ukraine-deloitte-remote,,,,True,False
Creatio Business Analyst | Ukraine  NOWA,Deloitte,Zdalnie,,BPM,/pl/job/creatio-business-analyst-ukraine-deloitte-remote,,,,True,False
Creatio Business Analyst | Ukraine  NOWA,Deloitte,Zdalnie,,REST API,/pl/job/creatio-business-analyst-ukraine-deloitte-remote,,,,True,False
Senior Business Analyst (Praca hybrydowa – Warszawa)   NOWA,IT TALENTO,Warszawa,13800  – 21200  PLN,Business Analysis,/pl/job/senior-business-analyst-praca-hybrydowa-warszawa-it-talento-warszawa,13800.0,21200.0,17500.0,False,False
Senior Business Analyst (Praca hybrydowa – Warszawa)   NOWA,IT TALENTO,Warszawa,13800  – 21200  PLN,SQL,/pl/job/senior-business-analyst-praca-hybrydowa-warszawa-it-talento-warszawa,13800.0,21200.0,17500.0,False,False
Senior Business Analyst (Praca hybrydowa – Warszawa)   NOWA,IT TALENTO,Warszawa,13800  – 21200  PLN,Payments,/pl/job/senior-business-analyst-praca-hybrydowa-warszawa-it-talento-warszawa,13800.0,21200.0,17500.0,False,False
Senior Business Analyst (Praca hybrydowa – Warszawa)   NOWA,IT TALENTO,Warszawa,13800  – 21200  PLN,Business Analysis,/pl/job/senior-business-analyst-praca-hybrydowa-warszawa-it-talento-warszawa,13800.0,21200.0,17500.0,False,False
Business Analyst – Strategy & Development  NOWA,Antal,Katowice,,Business Analysis,/pl/job/business-analyst-strategy-development-antal-katowice,,,,False,False
Business Analyst – Strategy & Development  NOWA,Antal,Katowice,,Finance,/pl/job/business-analyst-strategy-development-antal-katowice,,,,False,False
Business Analyst – Strategy & Development  NOWA,Antal,Katowice,,Economics,/pl/job/business-analyst-strategy-development-antal-katowice,,,,False,False
Business Analyst – Strategy & Development  NOWA,Antal,Katowice,,Business,/pl/job/business-analyst-strategy-development-antal-katowice,,,,False,False
Senior Business / System Analyst  NOWA,B2B Soft,Zdalnie,,Business Analysis,/pl/job/senior-business-system-analyst-b2b-soft-remote-12,,,,True,False
Senior Business / System Analyst  NOWA,B2B Soft,Zdalnie,,SQL Server,/pl/job/senior-business-system-analyst-b2b-soft-remote-12,,,,True,False
Senior Business / System Analyst  NOWA,B2B Soft,Zdalnie,,Data models,/pl/job/senior-business-system-analyst-b2b-soft-remote-12,,,,True,False
Business Analyst  NOWA,Verita HR,Kraków,24150  – 26250  PLN,Business Analysis,/pl/job/business-analyst-verita-hr-krakow-9,24150.0,26250.0,25200.0,False,True
Business Analyst  NOWA,Verita HR,Kraków,24150  – 26250  PLN,SQL,/pl/job/business-analyst-verita-hr-krakow-9,24150.0,26250.0,25200.0,False,True
Business Analyst  NOWA,Verita HR,Kraków,24150  – 26250  PLN,ESG,/pl/job/business-analyst-verita-hr-krakow-9,24150.0,26250.0,25200.0,False,True
Business Analyst  NOWA,Verita HR,Kraków,24150  – 26250  PLN,angielski,/pl/job/business-analyst-verita-hr-krakow-9,24150.0,26250.0,25200.0,False,True
Business Analyst  NOWA,Verita HR,Kraków,25200  – 27300  PLN,Business Analysis,/pl/job/business-analyst-verita-hr-krakow-8,25200.0,27300.0,26250.0,False,False
Business Analyst  NOWA,Verita HR,Kraków,25200  – 27300  PLN,Business Analysis,/pl/job/business-analyst-verita-hr-krakow-8,25200.0,27300.0,26250.0,False,False
Business Analyst  NOWA,Verita HR,Kraków,25200  – 27300  PLN,Stakeholder management,/pl/job/business-analyst-verita-hr-krakow-8,25200.0,27300.0,26250.0,False,False
Business Analyst  NOWA,Verita HR,Kraków,25200  – 27300  PLN,BPMN,/pl/job/business-analyst-verita-hr-krakow-8,25200.0,27300.0,26250.0,False,False
IT Business Analyst  NOWA,Verita HR,Kraków,25000  – 28900  PLN,Business Analysis,/pl/job/it-business-analyst-verita-hr-krakow,25000.0,28900.0,26950.0,False,False
IT Business Analyst  NOWA,Verita HR,Kraków,25000  – 28900  PLN,Business Analysis,/pl/job/it-business-analyst-verita-hr-krakow,25000.0,28900.0,26950.0,False,False
IT Business Analyst  NOWA,Verita HR,Kraków,25000  – 28900  PLN,Agile,/pl/job/it-business-analyst-verita-hr-krakow,25000.0,28900.0,26950.0,False,False
IT Business Analyst  NOWA,Verita HR,Kraków,25000  – 28900  PLN,Excel,/pl/job/it-business-analyst-verita-hr-krakow,25000.0,28900.0,26950.0,False,False
Business Analyst (Collateral Management)  NOWA,Devire,Zdalnie,18480  – 21840  PLN,Business Analysis,/pl/job/business-analyst-collateral-management-devire-remote,18480.0,21840.0,20160.0,True,False
Business Analyst (Collateral Management)  NOWA,Devire,Zdalnie,18480  – 21840  PLN,Python,/pl/job/business-analyst-collateral-management-devire-remote,18480.0,21840.0,20160.0,True,False
Business Analyst (Collateral Management)  NOWA,Devire,Zdalnie,18480  – 21840  PLN,pandas,/pl/job/business-analyst-collateral-management-devire-remote,18480.0,21840.0,20160.0,True,False
Business Analyst (Collateral Management)  NOWA,Devire,Zdalnie,18480  – 21840  PLN,NumPy,/pl/job/business-analyst-collateral-management-devire-remote,18480.0,21840.0,20160.0,True,False
Business Analyst   NOWA,Verita HR,Kraków,23000  – 28500  PLN,Business Analysis,/pl/job/business-analyst-verita-hr-krakow-2,23000.0,28500.0,25750.0,False,False
Business Analyst   NOWA,Verita HR,Kraków,23000  – 28500  PLN,Business Analysis,/pl/job/business-analyst-verita-hr-krakow-2,23000.0,28500.0,25750.0,False,False
Business Analyst   NOWA,Verita HR,Kraków,23000  – 28500  PLN,Scrum,/pl/job/business-analyst-verita-hr-krakow-2,23000.0,28500.0,25750.0,False,False
Business Analyst   NOWA,Verita HR,Kraków,23000  – 28500  PLN,Problem solving,/pl/job/business-analyst-verita-hr-krakow-2,23000.0,28500.0,25750.0,False,False
Business Analyst  NOWA,Scalo,Zdalnie,19320  – 21000  PLN,Business Analysis,/pl/job/business-analyst-scalo-remote-6,19320.0,21000.0,20160.0,True,False
Business Analyst  NOWA,Scalo,Zdalnie,19320  – 21000  PLN,BPMN,/pl/job/business-analyst-scalo-remote-6,19320.0,21000.0,20160.0,True,False
Business Analyst  NOWA,Scalo,Zdalnie,19320  – 21000  PLN,UML,/pl/job/business-analyst-scalo-remote-6,19320.0,21000.0,20160.0,True,False
Business Analyst  NOWA,Scalo,Zdalnie,19320  – 21000  PLN,Jira,/pl/job/business-analyst-scalo-remote-6,19320.0,21000.0,20160.0,True,False
Technical Business Analyst  NOWA,Mindbox Sp. z o.o.,Kraków,23100  – 26250  PLN,Business Analysis,/pl/job/technical-business-analyst-mindbox-krakow-5,23100.0,26250.0,24675.0,False,False
Technical Business Analyst  NOWA,Mindbox Sp. z o.o.,Kraków,23100  – 26250  PLN,Data concepts,/pl/job/technical-business-analyst-mindbox-krakow-5,23100.0,26250.0,24675.0,False,False
Technical Business Analyst  NOWA,Mindbox Sp. z o.o.,Kraków,23100  – 26250  PLN,Data platforms,/pl/job/technical-business-analyst-mindbox-krakow-5,23100.0,26250.0,24675.0,False,False
Technical Business Analyst  NOWA,Mindbox Sp. z o.o.,Kraków,23100  – 26250  PLN,Metadata,/pl/job/technical-business-analyst-mindbox-krakow-5,23100.0,26250.0,24675.0,False,False
Business Analyst (MFA / IAM)  NOWA,Antal,Kraków,23520  – 28560  PLN,Business Analysis,/pl/job/business-analyst-mfa-iam-antal-krakow-1,23520.0,28560.0,26040.0,False,False
Business Analyst (MFA / IAM)  NOWA,Antal,Kraków,23520  – 28560  PLN,IT Analysis,/pl/job/business-analyst-mfa-iam-antal-krakow-1,23520.0,28560.0,26040.0,False,False
Business Analyst (MFA / IAM)  NOWA,Antal,Kraków,23520  – 28560  PLN,Analytical skills,/pl/job/business-analyst-mfa-iam-antal-krakow-1,23520.0,28560.0,26040.0,False,False
Business Analyst - Murex  NOWA,Vistulo (for a major N. American bank),Zdalnie,33600  – 40320  PLN,Product Management,/pl/job/business-analyst-murex-vistulo-for-a-major-n-american-bank-remote,33600.0,40320.0,36960.0,True,False
Business Analyst - Murex  NOWA,Vistulo (for a major N. American bank),Zdalnie,33600  – 40320  PLN,Murex,/pl/job/business-analyst-murex-vistulo-for-a-major-n-american-bank-remote,33600.0,40320.0,36960.0,True,False
Business Analyst - Murex  NOWA,Vistulo (for a major N. American bank),Zdalnie,33600  – 40320  PLN,FX Trading systems,/pl/job/business-analyst-murex-vistulo-for-a-major-n-american-bank-remote,33600.0,40320.0,36960.0,True,False
Business Analyst - Murex  NOWA,Vistulo (for a major N. American bank),Zdalnie,33600  – 40320  PLN,Market data,/pl/job/business-analyst-murex-vistulo-for-a-major-n-american-bank-remote,33600.0,40320.0,36960.0,True,False
Senior SAP SD Business Analyst  NOWA,iTeamly,Warszawa,35000  – 45000  PLN,ERP,/pl/job/senior-sap-sd-business-analyst-iteamly-warszawa,35000.0,45000.0,40000.0,False,False
Senior SAP SD Business Analyst  NOWA,iTeamly,Warszawa,35000  – 45000  PLN,SAP,/pl/job/senior-sap-sd-business-analyst-iteamly-warszawa,35000.0,45000.0,40000.0,False,False
Senior SAP SD Business Analyst  NOWA,iTeamly,Warszawa,35000  – 45000  PLN,Distributed systems,/pl/job/senior-sap-sd-business-analyst-iteamly-warszawa,35000.0,45000.0,40000.0,False,False
Senior SAP SD Business Analyst  NOWA,iTeamly,Warszawa,35000  – 45000  PLN,Event-Driven Architecture,/pl/job/senior-sap-sd-business-analyst-iteamly-warszawa,35000.0,45000.0,40000.0,False,False
Business Analyst  NOWA,Synechron,Kraków,,Business Analysis,/pl/job/business-analyst-synechron-krakow,,,,False,False
Business Analyst  NOWA,Synechron,Kraków,,MI,/pl/job/business-analyst-synechron-krakow,,,,False,False
Business Analyst  NOWA,Synechron,Kraków,,Credit Risk,/pl/job/business-analyst-synechron-krakow,,,,False,False
Business Analyst  NOWA,Synechron,Kraków,,Analyzing data,/pl/job/business-analyst-synechron-krakow,,,,False,False
Business Analyst / Business Engineer  NOWA,Devire,Zdalnie,20160  – 23520  PLN,Business Analysis,/pl/job/business-analyst-business-engineer-devire-remote-2,20160.0,23520.0,21840.0,True,False
Business Analyst / Business Engineer  NOWA,Devire,Zdalnie,20160  – 23520  PLN,polski,/pl/job/business-analyst-business-engineer-devire-remote-2,20160.0,23520.0,21840.0,True,False
Senior Business Analyst (Praca hybrydowa – Warszawa)   NOWA,IT TALENTO,Warszawa,13800  – 21200  PLN,Business Analysis,/pl/job/senior-business-analyst-praca-hybrydowa-warszawa-it-talento-warszawa,13800.0,21200.0,17500.0,False,False
Senior Business Analyst (Praca hybrydowa – Warszawa)   NOWA,IT TALENTO,Warszawa,13800  – 21200  PLN,SQL,/pl/job/senior-business-analyst-praca-hybrydowa-warszawa-it-talento-warszawa,13800.0,21200.0,17500.0,False,False
Senior Business Analyst (Praca hybrydowa – Warszawa)   NOWA,IT TALENTO,Warszawa,13800  – 21200  PLN,Payments,/pl/job/senior-business-analyst-praca-hybrydowa-warszawa-it-talento-warszawa,13800.0,21200.0,17500.0,False,False
Senior Business Analyst (Praca hybrydowa – Warszawa)   NOWA,IT TALENTO,Warszawa,13800  – 21200  PLN,Business Analysis,/pl/job/senior-business-analyst-praca-hybrydowa-warszawa-it-talento-warszawa,13800.0,21200.0,17500.0,False,False
Business Analyst – Strategy & Development  NOWA,Antal,Katowice,,Business Analysis,/pl/job/business-analyst-strategy-development-antal-katowice,,,,False,False
Business Analyst – Strategy & Development  NOWA,Antal,Katowice,,Finance,/pl/job/business-analyst-strategy-development-antal-katowice,,,,False,False
Business Analyst – Strategy & Development  NOWA,Antal,Katowice,,Economics,/pl/job/business-analyst-strategy-development-antal-katowice,,,,False,False
Business Analyst – Strategy & Development  NOWA,Antal,Katowice,,Business,/pl/job/business-analyst-strategy-development-antal-katowice,,,,False,False
Senior Business / System Analyst  NOWA,B2B Soft,Zdalnie,,Business Analysis,/pl/job/senior-business-system-analyst-b2b-soft-remote-12,,,,True,False
Senior Business / System Analyst  NOWA,B2B Soft,Zdalnie,,SQL Server,/pl/job/senior-business-system-analyst-b2b-soft-remote-12,,,,True,False
Senior Business / System Analyst  NOWA,B2B Soft,Zdalnie,,Data models,/pl/job/senior-business-system-analyst-b2b-soft-remote-12,,,,True,False
Business Analyst  NOWA,Verita HR,Kraków,24150  – 26250  PLN,Business Analysis,/pl/job/business-analyst-verita-hr-krakow-9,24150.0,26250.0,25200.0,False,True
Business Analyst  NOWA,Verita HR,Kraków,24150  – 26250  PLN,SQL,/pl/job/business-analyst-verita-hr-krakow-9,24150.0,26250.0,25200.0,False,True
Business Analyst  NOWA,Verita HR,Kraków,24150  – 26250  PLN,ESG,/pl/job/business-analyst-verita-hr-krakow-9,24150.0,26250.0,25200.0,False,True
Business Analyst  NOWA,Verita HR,Kraków,24150  – 26250  PLN,angielski,/pl/job/business-analyst-verita-hr-krakow-9,24150.0,26250.0,25200.0,False,True
Business Analyst  NOWA,Verita HR,Kraków,25200  – 27300  PLN,Business Analysis,/pl/job/business-analyst-verita-hr-krakow-8,25200.0,27300.0,26250.0,False,False
Business Analyst  NOWA,Verita HR,Kraków,25200  – 27300  PLN,Business Analysis,/pl/job/business-analyst-verita-hr-krakow-8,25200.0,27300.0,26250.0,False,False
Business Analyst  NOWA,Verita HR,Kraków,25200  – 27300  PLN,Stakeholder management,/pl/job/business-analyst-verita-hr-krakow-8,25200.0,27300.0,26250.0,False,False
Business Analyst  NOWA,Verita HR,Kraków,25200  – 27300  PLN,BPMN,/pl/job/business-analyst-verita-hr-krakow-8,25200.0,27300.0,26250.0,False,False
IT Business Analyst  NOWA,Verita HR,Kraków,25000  – 28900  PLN,Business Analysis,/pl/job/it-business-analyst-verita-hr-krakow,25000.0,28900.0,26950.0,False,False
IT Business Analyst  NOWA,Verita HR,Kraków,25000  – 28900  PLN,Business Analysis,/pl/job/it-business-analyst-verita-hr-krakow,25000.0,28900.0,26950.0,False,False
IT Business Analyst  NOWA,Verita HR,Kraków,25000  – 28900  PLN,Agile,/pl/job/it-business-analyst-verita-hr-krakow,25000.0,28900.0,26950.0,False,False
IT Business Analyst  NOWA,Verita HR,Kraków,25000  – 28900  PLN,Excel,/pl/job/it-business-analyst-verita-hr-krakow,25000.0,28900.0,26950.0,False,False
Business Analyst (Collateral Management)  NOWA,Devire,Zdalnie,18480  – 21840  PLN,Business Analysis,/pl/job/business-analyst-collateral-management-devire-remote,18480.0,21840.0,20160.0,True,False
Business Analyst (Collateral Management)  NOWA,Devire,Zdalnie,18480  – 21840  PLN,Python,/pl/job/business-analyst-collateral-management-devire-remote,18480.0,21840.0,20160.0,True,False
Business Analyst (Collateral Management)  NOWA,Devire,Zdalnie,18480  – 21840  PLN,pandas,/pl/job/business-analyst-collateral-management-devire-remote,18480.0,21840.0,20160.0,True,False
Business Analyst (Collateral Management)  NOWA,Devire,Zdalnie,18480  – 21840  PLN,NumPy,/pl/job/business-analyst-collateral-management-devire-remote,18480.0,21840.0,20160.0,True,False
Business Analyst   NOWA,Verita HR,Kraków,23000  – 28500  PLN,Business Analysis,/pl/job/business-analyst-verita-hr-krakow-2,23000.0,28500.0,25750.0,False,False
Business Analyst   NOWA,Verita HR,Kraków,23000  – 28500  PLN,Business Analysis,/pl/job/business-analyst-verita-hr-krakow-2,23000.0,28500.0,25750.0,False,False
Business Analyst   NOWA,Verita HR,Kraków,23000  – 28500  PLN,Scrum,/pl/job/business-analyst-verita-hr-krakow-2,23000.0,28500.0,25750.0,False,False
Business Analyst   NOWA,Verita HR,Kraków,23000  – 28500  PLN,Problem solving,/pl/job/business-analyst-verita-hr-krakow-2,23000.0,28500.0,25750.0,False,False
Business Analyst  NOWA,Scalo,Zdalnie,19320  – 21000  PLN,Business Analysis,/pl/job/business-analyst-scalo-remote-6,19320.0,21000.0,20160.0,True,False
Business Analyst  NOWA,Scalo,Zdalnie,19320  – 21000  PLN,BPMN,/pl/job/business-analyst-scalo-remote-6,19320.0,21000.0,20160.0,True,False
Business Analyst  NOWA,Scalo,Zdalnie,19320  – 21000  PLN,UML,/pl/job/business-analyst-scalo-remote-6,19320.0,21000.0,20160.0,True,False
Business Analyst  NOWA,Scalo,Zdalnie,19320  – 21000  PLN,Jira,/pl/job/business-analyst-scalo-remote-6,19320.0,21000.0,20160.0,True,False
Technical Business Analyst  NOWA,Mindbox Sp. z o.o.,Kraków,23100  – 26250  PLN,Business Analysis,/pl/job/technical-business-analyst-mindbox-krakow-5,23100.0,26250.0,24675.0,False,False
Technical Business Analyst  NOWA,Mindbox Sp. z o.o.,Kraków,23100  – 26250  PLN,Data concepts,/pl/job/technical-business-analyst-mindbox-krakow-5,23100.0,26250.0,24675.0,False,False
Technical Business Analyst  NOWA,Mindbox Sp. z o.o.,Kraków,23100  – 26250  PLN,Data platforms,/pl/job/technical-business-analyst-mindbox-krakow-5,23100.0,26250.0,24675.0,False,False
Technical Business Analyst  NOWA,Mindbox Sp. z o.o.,Kraków,23100  – 26250  PLN,Metadata,/pl/job/technical-business-analyst-mindbox-krakow-5,23100.0,26250.0,24675.0,False,False
Business Analyst (MFA / IAM)  NOWA,Antal,Kraków,23520  – 28560  PLN,Business Analysis,/pl/job/business-analyst-mfa-iam-antal-krakow-1,23520.0,28560.0,26040.0,False,False
Business Analyst (MFA / IAM)  NOWA,Antal,Kraków,23520  – 28560  PLN,IT Analysis,/pl/job/business-analyst-mfa-iam-antal-krakow-1,23520.0,28560.0,26040.0,False,False
Business Analyst (MFA / IAM)  NOWA,Antal,Kraków,23520  – 28560  PLN,Analytical skills,/pl/job/business-analyst-mfa-iam-antal-krakow-1,23520.0,28560.0,26040.0,False,False
Business Analyst - Murex  NOWA,Vistulo (for a major N. American bank),Zdalnie,33600  – 40320  PLN,Product Management,/pl/job/business-analyst-murex-vistulo-for-a-major-n-american-bank-remote,33600.0,40320.0,36960.0,True,False
Business Analyst - Murex  NOWA,Vistulo (for a major N. American bank),Zdalnie,33600  – 40320  PLN,Murex,/pl/job/business-analyst-murex-vistulo-for-a-major-n-american-bank-remote,33600.0,40320.0,36960.0,True,False
Business Analyst - Murex  NOWA,Vistulo (for a major N. American bank),Zdalnie,33600  – 40320  PLN,FX Trading systems,/pl/job/business-analyst-murex-vistulo-for-a-major-n-american-bank-remote,33600.0,40320.0,36960.0,True,False
Business Analyst - Murex  NOWA,Vistulo (for a major N. American bank),Zdalnie,33600  – 40320  PLN,Market data,/pl/job/business-analyst-murex-vistulo-for-a-major-n-american-bank-remote,33600.0,40320.0,36960.0,True,False
Senior SAP SD Business Analyst  NOWA,iTeamly,Warszawa,35000  – 45000  PLN,ERP,/pl/job/senior-sap-sd-business-analyst-iteamly-warszawa,35000.0,45000.0,40000.0,False,False
Senior SAP SD Business Analyst  NOWA,iTeamly,Warszawa,35000  – 45000  PLN,SAP,/pl/job/senior-sap-sd-business-analyst-iteamly-warszawa,35000.0,45000.0,40000.0,False,False
Senior SAP SD Business Analyst  NOWA,iTeamly,Warszawa,35000  – 45000  PLN,Distributed systems,/pl/job/senior-sap-sd-business-analyst-iteamly-warszawa,35000.0,45000.0,40000.0,False,False
Senior SAP SD Business Analyst  NOWA,iTeamly,Warszawa,35000  – 45000  PLN,Event-Driven Architecture,/pl/job/senior-sap-sd-business-analyst-iteamly-warszawa,35000.0,45000.0,40000.0,False,False
Business Analyst  NOWA,Synechron,Kraków,,Business Analysis,/pl/job/business-analyst-synechron-krakow,,,,False,False
Business Analyst  NOWA,Synechron,Kraków,,MI,/pl/job/business-analyst-synechron-krakow,,,,False,False
Business Analyst  NOWA,Synechron,Kraków,,Credit Risk,/pl/job/business-analyst-synechron-krakow,,,,False,False
Business Analyst  NOWA,Synechron,Kraków,,Analyzing data,/pl/job/business-analyst-synechron-krakow,,,,False,False
Business Analyst / Business Engineer  NOWA,Devire,Zdalnie,20160  – 23520  PLN,Business Analysis,/pl/job/business-analyst-business-engineer-devire-remote-2,20160.0,23520.0,21840.0,True,False
Business Analyst / Business Engineer  NOWA,Devire,Zdalnie,20160  – 23520  PLN,polski,/pl/job/business-analyst-business-engineer-devire-remote-2,20160.0,23520.0,21840.0,True,False
Business Analyst  NOWA,Square One Resources,Zdalnie,15120  – 20160  PLN,Business Analysis,/pl/job/business-analyst-square-one-resources-remote,15120.0,20160.0,17640.0,True,False
Business Analyst  NOWA,Square One Resources,Zdalnie,15120  – 20160  PLN,Workday,/pl/job/business-analyst-square-one-resources-remote,15120.0,20160.0,17640.0,True,False
Business Analyst  NOWA,Square One Resources,Zdalnie,15120  – 20160  PLN,SAP SuccessFactors,/pl/job/business-analyst-square-one-resources-remote,15120.0,20160.0,17640.0,True,False
Business Analyst  NOWA,Square One Resources,Zdalnie,15120  – 20160  PLN,Oracle HCM,/pl/job/business-analyst-square-one-resources-remote,15120.0,20160.0,17640.0,True,False
Business Analyst  NOWA,"AVENGA (Agencja Pracy, nr KRAZ: 8448)",Zdalnie,18480  – 20160  PLN,Business Analysis,/pl/job/business-analyst-avenga-agencja-pracy-nr-kraz-8448-remote-2,18480.0,20160.0,19320.0,True,False
Business Analyst  NOWA,"AVENGA (Agencja Pracy, nr KRAZ: 8448)",Zdalnie,18480  – 20160  PLN,BPMN,/pl/job/business-analyst-avenga-agencja-pracy-nr-kraz-8448-remote-2,18480.0,20160.0,19320.0,True,False
Business Analyst  NOWA,"AVENGA (Agencja Pracy, nr KRAZ: 8448)",Zdalnie,18480  – 20160  PLN,UML,/pl/job/business-analyst-avenga-agencja-pracy-nr-kraz-8448-remote-2,18480.0,20160.0,19320.0,True,False
Business Analyst  NOWA,"AVENGA (Agencja Pracy, nr KRAZ: 8448)",Zdalnie,18480  – 20160  PLN,SQL,/pl/job/business-analyst-avenga-agencja-pracy-nr-kraz-8448-remote-2,18480.0,20160.0,19320.0,True,False
Business Analyst  NOWA,Michael Page,Zdalnie,28560  – 32760  PLN,Business Analysis,/pl/job/business-analyst-michael-page-remote,28560.0,32760.0,30660.0,True,False
Business Analyst  NOWA,Michael Page,Zdalnie,28560  – 32760  PLN,SAP Hybris,/pl/job/business-analyst-michael-page-remote,28560.0,32760.0,30660.0,True,False
Business Analyst  NOWA,Michael Page,Zdalnie,28560  – 32760  PLN,User stories,/pl/job/business-analyst-michael-page-remote,28560.0,32760.0,30660.0,True,False
Business Analyst  NOWA,Michael Page,Zdalnie,28560  – 32760  PLN,QA,/pl/job/business-analyst-michael-page-remote,28560.0,32760.0,30660.0,True,False
SAP HCM / HXM Business Analyst  NOWA,Michael Page,Zdalnie,28560  – 32760  PLN,Business Analysis,/pl/job/sap-hcm-hxm-business-analyst-michael-page-remote,28560.0,32760.0,30660.0,True,False
SAP HCM / HXM Business Analyst  NOWA,Michael Page,Zdalnie,28560  – 32760  PLN,SAP,/pl/job/sap-hcm-hxm-business-analyst-michael-page-remote,28560.0,32760.0,30660.0,True,False
SAP HCM / HXM Business Analyst  NOWA,Michael Page,Zdalnie,28560  – 32760  PLN,polski,/pl/job/sap-hcm-hxm-business-analyst-michael-page-remote,28560.0,32760.0,30660.0,True,False
Business - System Analyst  NOWA,Scalo,Zdalnie,18480  – 20160  PLN,Data,/pl/job/business-system-analyst-scalo-remote-12,18480.0,20160.0,19320.0,True,False
Business - System Analyst  NOWA,Scalo,Zdalnie,18480  – 20160  PLN,UML,/pl/job/business-system-analyst-scalo-remote-12,18480.0,20160.0,19320.0,True,False
Business - System Analyst  NOWA,Scalo,Zdalnie,18480  – 20160  PLN,BPMN,/pl/job/business-system-analyst-scalo-remote-12,18480.0,20160.0,19320.0,True,False
Business - System Analyst  NOWA,Scalo,Zdalnie,18480  – 20160  PLN,REST API,/pl/job/business-system-analyst-scalo-remote-12,18480.0,20160.0,19320.0,True,False
Business Operations Analyst - RDT EPIE,Roche,Warszawa,14175  – 26325  PLN,Business Analysis,/pl/job/business-operations-analyst-rdt-epie-roche-warszawa,14175.0,26325.0,20250.0,False,False
Business Operations Analyst - RDT EPIE,Roche,Warszawa,14175  – 26325  PLN,Business Analysis,/pl/job/business-operations-analyst-rdt-epie-roche-warszawa,14175.0,26325.0,20250.0,False,False
Business Operations Analyst - RDT EPIE,Roche,Warszawa,14175  – 26325  PLN,Stakeholder management,/pl/job/business-operations-analyst-rdt-epie-roche-warszawa,14175.0,26325.0,20250.0,False,False
Business Operations Analyst - RDT EPIE,Roche,Warszawa,14175  – 26325  PLN,Communication skills,/pl/job/business-operations-analyst-rdt-epie-roche-warszawa,14175.0,26325.0,20250.0,False,False
Business Analyst (MFA / IAM),Antal,Kraków,,Business Analysis,/pl/job/business-analyst-mfa-iam-antal-krakow,,,,False,False
Business Analyst (MFA / IAM),Antal,Kraków,,Analytical skills,/pl/job/business-analyst-mfa-iam-antal-krakow,,,,False,False
Business Analyst (MFA / IAM),Antal,Kraków,,MFA,/pl/job/business-analyst-mfa-iam-antal-krakow,,,,False,False
Business Analyst,Antal,Kraków,25200  – 28560  PLN,Business Analysis,/pl/job/business-analyst-antal-krakow-17,25200.0,28560.0,26880.0,False,False
Business Analyst,Antal,Kraków,25200  – 28560  PLN,Business Analysis,/pl/job/business-analyst-antal-krakow-17,25200.0,28560.0,26880.0,False,False
Business Analyst,Antal,Kraków,25200  – 28560  PLN,Banking,/pl/job/business-analyst-antal-krakow-17,25200.0,28560.0,26880.0,False,False
Business Analyst,Antal,Kraków,25200  – 28560  PLN,Financial service,/pl/job/business-analyst-antal-krakow-17,25200.0,28560.0,26880.0,False,False
Business Analyst,Verita HR,Kraków,24000  – 27000  PLN,Business Analysis,/pl/job/business-analyst-verita-hr-krakow-10,24000.0,27000.0,25500.0,False,False
Business Analyst,Verita HR,Kraków,24000  – 27000  PLN,Business Analysis,/pl/job/business-analyst-verita-hr-krakow-10,24000.0,27000.0,25500.0,False,False
Business Analyst,Verita HR,Kraków,24000  – 27000  PLN,Banking,/pl/job/business-analyst-verita-hr-krakow-10,24000.0,27000.0,25500.0,False,False
Business Analyst,Verita HR,Kraków,24000  – 27000  PLN,Reporting,/pl/job/business-analyst-verita-hr-krakow-10,24000.0,27000.0,25500.0,False,False
Business Analyst,Antal,Kraków,23520  – 30240  PLN,Business Analysis,/pl/job/business-analyst-antal-krakow-16,23520.0,30240.0,26880.0,False,False
Business Analyst,Antal,Kraków,23520  – 30240  PLN,Jira,/pl/job/business-analyst-antal-krakow-16,23520.0,30240.0,26880.0,False,False
Business Analyst,Antal,Kraków,23520  – 30240  PLN,Confluence,/pl/job/business-analyst-antal-krakow-16,23520.0,30240.0,26880.0,False,False
Business Analyst,Antal,Kraków,23520  – 30240  PLN,SQL,/pl/job/business-analyst-antal-krakow-16,23520.0,30240.0,26880.0,False,False
Business Analyst,Antal,Warszawa,,Business Analysis,/pl/job/business-analyst-antal-warszawa-3,,,,False,False
Business Analyst,Antal,Warszawa,,BA,/pl/job/business-analyst-antal-warszawa-3,,,,False,False
Business Analyst,Antal,Warszawa,,Business Analysis,/pl/job/business-analyst-antal-warszawa-3,,,,False,False
Business Analyst,Antal,Warszawa,,Agile,/pl/job/business-analyst-antal-warszawa-3,,,,False,False
Business Analyst,ITFS Sp. z o.o.,Zdalnie,21840  – 25200  PLN,Business Analysis,/pl/job/business-analyst-itfs-remote-5,21840.0,25200.0,23520.0,True,True
Business Analyst,ITFS Sp. z o.o.,Zdalnie,21840  – 25200  PLN,angielski,/pl/job/business-analyst-itfs-remote-5,21840.0,25200.0,23520.0,True,True
Business Analyst,Link Group,Zdalnie,14000  – 17000  PLN,Business Analysis,/pl/job/business-analyst-link-group-remote-15,14000.0,17000.0,15500.0,True,False
Business Analyst,Link Group,Zdalnie,14000  – 17000  PLN,BPMN,/pl/job/business-analyst-link-group-remote-15,14000.0,17000.0,15500.0,True,False
Business Analyst,Link Group,Zdalnie,14000  – 17000  PLN,UML,/pl/job/business-analyst-link-group-remote-15,14000.0,17000.0,15500.0,True,False
Business Expert/Technical Business Analyst (m/f/d) - Payment Transactions (SWIFT),CommerzBank,Łódź,,Inne IT,/pl/job/business-expert-technical-business-analyst-m-f-d-payment-transactions-swift-commerzbank-lodz,,,,False,True
Business Expert/Technical Business Analyst (m/f/d) - Payment Transactions (SWIFT),CommerzBank,Łódź,,Swift,/pl/job/business-expert-technical-business-analyst-m-f-d-payment-transactions-swift-commerzbank-lodz,,,,False,True
Business Expert/Technical Business Analyst (m/f/d) - Payment Transactions (SWIFT),CommerzBank,Łódź,,niemiecki,/pl/job/business-expert-technical-business-analyst-m-f-d-payment-transactions-swift-commerzbank-lodz,,,,False,True
Business Expert/Technical Business Analyst (m/f/d) - Payment Transactions (SWIFT),CommerzBank,Łódź,,angielski,/pl/job/business-expert-technical-business-analyst-m-f-d-payment-transactions-swift-commerzbank-lodz,,,,False,True
Senior Business Analyst,Diverse CG Sp. z o.o. Sp.k.,Zdalnie,,Business Analysis,/pl/job/senior-business-analyst-diverse-cg-sp-k--remote,,,,True,True
Senior Business Analyst,Diverse CG Sp. z o.o. Sp.k.,Zdalnie,,angielski,/pl/job/senior-business-analyst-diverse-cg-sp-k--remote,,,,True,True
Senior Business Analyst,Diverse CG Sp. z o.o. Sp.k.,Zdalnie,,polski,/pl/job/senior-business-analyst-diverse-cg-sp-k--remote,,,,True,True
Senior Business Analyst (AI/ML)-B2B,GFT Poland,Kraków,20496  – 26880  PLN,Business Analysis,/pl/job/senior-business-analyst-ai-ml-b2b-gft-poland-krakow,20496.0,26880.0,23688.0,False,False
Senior Business Analyst (AI/ML)-B2B,GFT Poland,Kraków,20496  – 26880  PLN,AI,/pl/job/senior-business-analyst-ai-ml-b2b-gft-poland-krakow,20496.0,26880.0,23688.0,False,False
Senior Business Analyst (AI/ML)-B2B,GFT Poland,Kraków,20496  – 26880  PLN,Business Analysis,/pl/job/senior-business-analyst-ai-ml-b2b-gft-poland-krakow,20496.0,26880.0,23688.0,False,False
Senior Business Analyst (AI/ML),GFT Poland,Kraków,13800  – 21200  PLN,Business Analysis,/pl/job/senior-business-analyst-ai-ml-gft-poland-krakow,13800.0,21200.0,17500.0,False,False
Senior Business Analyst (AI/ML),GFT Poland,Kraków,13800  – 21200  PLN,AI,/pl/job/senior-business-analyst-ai-ml-gft-poland-krakow,13800.0,21200.0,17500.0,False,False
Senior Business Analyst (AI/ML),GFT Poland,Kraków,13800  – 21200  PLN,Business Analysis,/pl/job/senior-business-analyst-ai-ml-gft-poland-krakow,13800.0,21200.0,17500.0,False,False
Business Analyst  NOWA,Square One Resources,Zdalnie,15120  – 20160  PLN,Business Analysis,/pl/job/business-analyst-square-one-resources-remote,15120.0,20160.0,17640.0,True,False
Business Analyst  NOWA,Square One Resources,Zdalnie,15120  – 20160  PLN,Workday,/pl/job/business-analyst-square-one-resources-remote,15120.0,20160.0,17640.0,True,False
Business Analyst  NOWA,Square One Resources,Zdalnie,15120  – 20160  PLN,SAP SuccessFactors,/pl/job/business-analyst-square-one-resources-remote,15120.0,20160.0,17640.0,True,False
Business Analyst  NOWA,Square One Resources,Zdalnie,15120  – 20160  PLN,Oracle HCM,/pl/job/business-analyst-square-one-resources-remote,15120.0,20160.0,17640.0,True,False
Business Analyst  NOWA,"AVENGA (Agencja Pracy, nr KRAZ: 8448)",Zdalnie,18480  – 20160  PLN,Business Analysis,/pl/job/business-analyst-avenga-agencja-pracy-nr-kraz-8448-remote-2,18480.0,20160.0,19320.0,True,False
Business Analyst  NOWA,"AVENGA (Agencja Pracy, nr KRAZ: 8448)",Zdalnie,18480  – 20160  PLN,BPMN,/pl/job/business-analyst-avenga-agencja-pracy-nr-kraz-8448-remote-2,18480.0,20160.0,19320.0,True,False
Business Analyst  NOWA,"AVENGA (Agencja Pracy, nr KRAZ: 8448)",Zdalnie,18480  – 20160  PLN,UML,/pl/job/business-analyst-avenga-agencja-pracy-nr-kraz-8448-remote-2,18480.0,20160.0,19320.0,True,False
Business Analyst  NOWA,"AVENGA (Agencja Pracy, nr KRAZ: 8448)",Zdalnie,18480  – 20160  PLN,SQL,/pl/job/business-analyst-avenga-agencja-pracy-nr-kraz-8448-remote-2,18480.0,20160.0,19320.0,True,False
Business Analyst  NOWA,Michael Page,Zdalnie,28560  – 32760  PLN,Business Analysis,/pl/job/business-analyst-michael-page-remote,28560.0,32760.0,30660.0,True,False
Business Analyst  NOWA,Michael Page,Zdalnie,28560  – 32760  PLN,SAP Hybris,/pl/job/business-analyst-michael-page-remote,28560.0,32760.0,30660.0,True,False
Business Analyst  NOWA,Michael Page,Zdalnie,28560  – 32760  PLN,User stories,/pl/job/business-analyst-michael-page-remote,28560.0,32760.0,30660.0,True,False
Business Analyst  NOWA,Michael Page,Zdalnie,28560  – 32760  PLN,QA,/pl/job/business-analyst-michael-page-remote,28560.0,32760.0,30660.0,True,False
SAP HCM / HXM Business Analyst  NOWA,Michael Page,Zdalnie,28560  – 32760  PLN,Business Analysis,/pl/job/sap-hcm-hxm-business-analyst-michael-page-remote,28560.0,32760.0,30660.0,True,False
SAP HCM / HXM Business Analyst  NOWA,Michael Page,Zdalnie,28560  – 32760  PLN,SAP,/pl/job/sap-hcm-hxm-business-analyst-michael-page-remote,28560.0,32760.0,30660.0,True,False
SAP HCM / HXM Business Analyst  NOWA,Michael Page,Zdalnie,28560  – 32760  PLN,polski,/pl/job/sap-hcm-hxm-business-analyst-michael-page-remote,28560.0,32760.0,30660.0,True,False
Business - System Analyst  NOWA,Scalo,Zdalnie,18480  – 20160  PLN,Data,/pl/job/business-system-analyst-scalo-remote-12,18480.0,20160.0,19320.0,True,False
Business - System Analyst  NOWA,Scalo,Zdalnie,18480  – 20160  PLN,UML,/pl/job/business-system-analyst-scalo-remote-12,18480.0,20160.0,19320.0,True,False
Business - System Analyst  NOWA,Scalo,Zdalnie,18480  – 20160  PLN,BPMN,/pl/job/business-system-analyst-scalo-remote-12,18480.0,20160.0,19320.0,True,False
Business - System Analyst  NOWA,Scalo,Zdalnie,18480  – 20160  PLN,REST API,/pl/job/business-system-analyst-scalo-remote-12,18480.0,20160.0,19320.0,True,False
Business Operations Analyst - RDT EPIE,Roche,Warszawa,14175  – 26325  PLN,Business Analysis,/pl/job/business-operations-analyst-rdt-epie-roche-warszawa,14175.0,26325.0,20250.0,False,False
Business Operations Analyst - RDT EPIE,Roche,Warszawa,14175  – 26325  PLN,Business Analysis,/pl/job/business-operations-analyst-rdt-epie-roche-warszawa,14175.0,26325.0,20250.0,False,False
Business Operations Analyst - RDT EPIE,Roche,Warszawa,14175  – 26325  PLN,Stakeholder management,/pl/job/business-operations-analyst-rdt-epie-roche-warszawa,14175.0,26325.0,20250.0,False,False
Business Operations Analyst - RDT EPIE,Roche,Warszawa,14175  – 26325  PLN,Communication skills,/pl/job/business-operations-analyst-rdt-epie-roche-warszawa,14175.0,26325.0,20250.0,False,False
Business Analyst (MFA / IAM),Antal,Kraków,,Business Analysis,/pl/job/business-analyst-mfa-iam-antal-krakow,,,,False,False
Business Analyst (MFA / IAM),Antal,Kraków,,Analytical skills,/pl/job/business-analyst-mfa-iam-antal-krakow,,,,False,False
Business Analyst (MFA / IAM),Antal,Kraków,,MFA,/pl/job/business-analyst-mfa-iam-antal-krakow,,,,False,False
Business Analyst,Antal,Kraków,25200  – 28560  PLN,Business Analysis,/pl/job/business-analyst-antal-krakow-17,25200.0,28560.0,26880.0,False,False
Business Analyst,Antal,Kraków,25200  – 28560  PLN,Business Analysis,/pl/job/business-analyst-antal-krakow-17,25200.0,28560.0,26880.0,False,False
Business Analyst,Antal,Kraków,25200  – 28560  PLN,Banking,/pl/job/business-analyst-antal-krakow-17,25200.0,28560.0,26880.0,False,False
Business Analyst,Antal,Kraków,25200  – 28560  PLN,Financial service,/pl/job/business-analyst-antal-krakow-17,25200.0,28560.0,26880.0,False,False
Business Analyst,Verita HR,Kraków,24000  – 27000  PLN,Business Analysis,/pl/job/business-analyst-verita-hr-krakow-10,24000.0,27000.0,25500.0,False,False
Business Analyst,Verita HR,Kraków,24000  – 27000  PLN,Business Analysis,/pl/job/business-analyst-verita-hr-krakow-10,24000.0,27000.0,25500.0,False,False
Business Analyst,Verita HR,Kraków,24000  – 27000  PLN,Banking,/pl/job/business-analyst-verita-hr-krakow-10,24000.0,27000.0,25500.0,False,False
Business Analyst,Verita HR,Kraków,24000  – 27000  PLN,Reporting,/pl/job/business-analyst-verita-hr-krakow-10,24000.0,27000.0,25500.0,False,False
Business Analyst,Antal,Kraków,23520  – 30240  PLN,Business Analysis,/pl/job/business-analyst-antal-krakow-16,23520.0,30240.0,26880.0,False,False
Business Analyst,Antal,Kraków,23520  – 30240  PLN,Jira,/pl/job/business-analyst-antal-krakow-16,23520.0,30240.0,26880.0,False,False
Business Analyst,Antal,Kraków,23520  – 30240  PLN,Confluence,/pl/job/business-analyst-antal-krakow-16,23520.0,30240.0,26880.0,False,False
Business Analyst,Antal,Kraków,23520  – 30240  PLN,SQL,/pl/job/business-analyst-antal-krakow-16,23520.0,30240.0,26880.0,False,False
Business Analyst,Antal,Warszawa,,Business Analysis,/pl/job/business-analyst-antal-warszawa-3,,,,False,False
Business Analyst,Antal,Warszawa,,BA,/pl/job/business-analyst-antal-warszawa-3,,,,False,False
Business Analyst,Antal,Warszawa,,Business Analysis,/pl/job/business-analyst-antal-warszawa-3,,,,False,False
Business Analyst,Antal,Warszawa,,Agile,/pl/job/business-analyst-antal-warszawa-3,,,,False,False
Business Analyst,ITFS Sp. z o.o.,Zdalnie,21840  – 25200  PLN,Business Analysis,/pl/job/business-analyst-itfs-remote-5,21840.0,25200.0,23520.0,True,True
Business Analyst,ITFS Sp. z o.o.,Zdalnie,21840  – 25200  PLN,angielski,/pl/job/business-analyst-itfs-remote-5,21840.0,25200.0,23520.0,True,True
Business Analyst,Link Group,Zdalnie,14000  – 17000  PLN,Business Analysis,/pl/job/business-analyst-link-group-remote-15,14000.0,17000.0,15500.0,True,False
Business Analyst,Link Group,Zdalnie,14000  – 17000  PLN,BPMN,/pl/job/business-analyst-link-group-remote-15,14000.0,17000.0,15500.0,True,False
Business Analyst,Link Group,Zdalnie,14000  – 17000  PLN,UML,/pl/job/business-analyst-link-group-remote-15,14000.0,17000.0,15500.0,True,False
Business Expert/Technical Business Analyst (m/f/d) - Payment Transactions (SWIFT),CommerzBank,Łódź,,Inne IT,/pl/job/business-expert-technical-business-analyst-m-f-d-payment-transactions-swift-commerzbank-lodz,,,,False,True
Business Expert/Technical Business Analyst (m/f/d) - Payment Transactions (SWIFT),CommerzBank,Łódź,,Swift,/pl/job/business-expert-technical-business-analyst-m-f-d-payment-transactions-swift-commerzbank-lodz,,,,False,True
Business Expert/Technical Business Analyst (m/f/d) - Payment Transactions (SWIFT),CommerzBank,Łódź,,niemiecki,/pl/job/business-expert-technical-business-analyst-m-f-d-payment-transactions-swift-commerzbank-lodz,,,,False,True
Business Expert/Technical Business Analyst (m/f/d) - Payment Transactions (SWIFT),CommerzBank,Łódź,,angielski,/pl/job/business-expert-technical-business-analyst-m-f-d-payment-transactions-swift-commerzbank-lodz,,,,False,True
Senior Business Analyst,Diverse CG Sp. z o.o. Sp.k.,Zdalnie,,Business Analysis,/pl/job/senior-business-analyst-diverse-cg-sp-k--remote,,,,True,True
Senior Business Analyst,Diverse CG Sp. z o.o. Sp.k.,Zdalnie,,angielski,/pl/job/senior-business-analyst-diverse-cg-sp-k--remote,,,,True,True
Senior Business Analyst,Diverse CG Sp. z o.o. Sp.k.,Zdalnie,,polski,/pl/job/senior-business-analyst-diverse-cg-sp-k--remote,,,,True,True
Senior Business Analyst (AI/ML)-B2B,GFT Poland,Kraków,20496  – 26880  PLN,Business Analysis,/pl/job/senior-business-analyst-ai-ml-b2b-gft-poland-krakow,20496.0,26880.0,23688.0,False,False
Senior Business Analyst (AI/ML)-B2B,GFT Poland,Kraków,20496  – 26880  PLN,AI,/pl/job/senior-business-analyst-ai-ml-b2b-gft-poland-krakow,20496.0,26880.0,23688.0,False,False
Senior Business Analyst (AI/ML)-B2B,GFT Poland,Kraków,20496  – 26880  PLN,Business Analysis,/pl/job/senior-business-analyst-ai-ml-b2b-gft-poland-krakow,20496.0,26880.0,23688.0,False,False
Senior Business Analyst (AI/ML),GFT Poland,Kraków,13800  – 21200  PLN,Business Analysis,/pl/job/senior-business-analyst-ai-ml-gft-poland-krakow,13800.0,21200.0,17500.0,False,False
Senior Business Analyst (AI/ML),GFT Poland,Kraków,13800  – 21200  PLN,AI,/pl/job/senior-business-analyst-ai-ml-gft-poland-krakow,13800.0,21200.0,17500.0,False,False
Senior Business Analyst (AI/ML),GFT Poland,Kraków,13800  – 21200  PLN,Business Analysis,/pl/job/senior-business-analyst-ai-ml-gft-poland-krakow,13800.0,21200.0,17500.0,False,False
MFA Business Analyst,Mindbox Sp. z o.o.,Kraków,21000  – 25200  PLN,Business Analysis,/pl/job/mfa-business-analyst-mindbox-krakow,21000.0,25200.0,23100.0,False,False
MFA Business Analyst,Mindbox Sp. z o.o.,Kraków,21000  – 25200  PLN,MFA,/pl/job/mfa-business-analyst-mindbox-krakow,21000.0,25200.0,23100.0,False,False
MFA Business Analyst,Mindbox Sp. z o.o.,Kraków,21000  – 25200  PLN,Security,/pl/job/mfa-business-analyst-mindbox-krakow,21000.0,25200.0,23100.0,False,False
Quantum Business Analyst,Antal,Kraków,,Business Analysis,/pl/job/quantum-business-analyst-antal-krakow,,,,False,False
Quantum Business Analyst,Antal,Kraków,,Business Analysis,/pl/job/quantum-business-analyst-antal-krakow,,,,False,False
Quantum Business Analyst,Antal,Kraków,,Analiza biznesowa,/pl/job/quantum-business-analyst-antal-krakow,,,,False,False
Quantum Business Analyst,Antal,Kraków,,User stories,/pl/job/quantum-business-analyst-antal-krakow,,,,False,False
Business and Systems Analyst,Scalo,Warszawa,22680  – 24360  PLN,Data,/pl/job/business-and-systems-analyst-scalo-warszawa,22680.0,24360.0,23520.0,False,False
Business and Systems Analyst,Scalo,Warszawa,22680  – 24360  PLN,BPMN,/pl/job/business-and-systems-analyst-scalo-warszawa,22680.0,24360.0,23520.0,False,False
Business and Systems Analyst,Scalo,Warszawa,22680  – 24360  PLN,UML,/pl/job/business-and-systems-analyst-scalo-warszawa,22680.0,24360.0,23520.0,False,False
Business and Systems Analyst,Scalo,Warszawa,22680  – 24360  PLN,UI,/pl/job/business-and-systems-analyst-scalo-warszawa,22680.0,24360.0,23520.0,False,False
Business Analyst - Legal Operations (f/m/x),Sii Polska,Zdalnie,23100  – 25200  PLN,Business Analysis,/pl/job/business-analyst-legal-operations-f-m-x-sii-polska-remote,23100.0,25200.0,24150.0,True,False
Business Analyst - Legal Operations (f/m/x),Sii Polska,Zdalnie,23100  – 25200  PLN,User stories,/pl/job/business-analyst-legal-operations-f-m-x-sii-polska-remote,23100.0,25200.0,24150.0,True,False
Business Analyst - Legal Operations (f/m/x),Sii Polska,Zdalnie,23100  – 25200  PLN,SaaS Solutions,/pl/job/business-analyst-legal-operations-f-m-x-sii-polska-remote,23100.0,25200.0,24150.0,True,False
Business Analyst - Legal Operations (f/m/x),Sii Polska,Zdalnie,23100  – 25200  PLN,polski,/pl/job/business-analyst-legal-operations-f-m-x-sii-polska-remote,23100.0,25200.0,24150.0,True,False
"Business Analyst, TRA Transformation",HSBC Technology Poland,Kraków,15108  – 22658  PLN,Business Analysis,/pl/job/business-analyst-tra-transformation-hsbc-technology-poland-krakow,15108.0,22658.0,18883.0,False,True
"Business Analyst, TRA Transformation",HSBC Technology Poland,Kraków,15108  – 22658  PLN,Business Analysis,/pl/job/business-analyst-tra-transformation-hsbc-technology-poland-krakow,15108.0,22658.0,18883.0,False,True
"Business Analyst, TRA Transformation",HSBC Technology Poland,Kraków,15108  – 22658  PLN,angielski,/pl/job/business-analyst-tra-transformation-hsbc-technology-poland-krakow,15108.0,22658.0,18883.0,False,True
Business Analyst - Dynamics 365,Antal,Kraków,33600  – 40320  PLN,Business Analysis,/pl/job/business-analyst-dynamics-365-antal-krakow,33600.0,40320.0,36960.0,False,False
Business Analyst - Dynamics 365,Antal,Kraków,33600  – 40320  PLN,D365,/pl/job/business-analyst-dynamics-365-antal-krakow,33600.0,40320.0,36960.0,False,False
Business Analyst - Dynamics 365,Antal,Kraków,33600  – 40320  PLN,Power Platform,/pl/job/business-analyst-dynamics-365-antal-krakow,33600.0,40320.0,36960.0,False,False
Senior Business Analyst,GFT Poland,Kraków,13900  – 21270  PLN,Business Analysis,/pl/job/senior-business-analyst-gft-poland-krakow,13900.0,21270.0,17585.0,False,False
Senior Business Analyst,GFT Poland,Kraków,13900  – 21270  PLN,Business Analysis,/pl/job/senior-business-analyst-gft-poland-krakow,13900.0,21270.0,17585.0,False,False
Senior Business Analyst,GFT Poland,Kraków,13900  – 21270  PLN,Power BI,/pl/job/senior-business-analyst-gft-poland-krakow,13900.0,21270.0,17585.0,False,False
Senior Business Analyst,GFT Poland,Kraków,13900  – 21270  PLN,Tableau,/pl/job/senior-business-analyst-gft-poland-krakow,13900.0,21270.0,17585.0,False,False
Senior Business Analyst Consultant,GFT Poland,Kraków,20160  – 26880  PLN,Business Analysis,/pl/job/senior-business-analyst-consultant-gft-poland-krakow,20160.0,26880.0,23520.0,False,False
Senior Business Analyst Consultant,GFT Poland,Kraków,20160  – 26880  PLN,Business Analysis,/pl/job/senior-business-analyst-consultant-gft-poland-krakow,20160.0,26880.0,23520.0,False,False
Senior Business Analyst Consultant,GFT Poland,Kraków,20160  – 26880  PLN,Power BI,/pl/job/senior-business-analyst-consultant-gft-poland-krakow,20160.0,26880.0,23520.0,False,False
Senior Business Analyst Consultant,GFT Poland,Kraków,20160  – 26880  PLN,Tableau,/pl/job/senior-business-analyst-consultant-gft-poland-krakow,20160.0,26880.0,23520.0,False,False
Business Analyst KYC,Antal,Kraków,21840  – 26880  PLN,Business Analysis,/pl/job/business-analyst-kyc-antal-krakow-1,21840.0,26880.0,24360.0,False,False
Business Analyst KYC,Antal,Kraków,21840  – 26880  PLN,Client onboarding,/pl/job/business-analyst-kyc-antal-krakow-1,21840.0,26880.0,24360.0,False,False
Business Analyst KYC,Antal,Kraków,21840  – 26880  PLN,KYC,/pl/job/business-analyst-kyc-antal-krakow-1,21840.0,26880.0,24360.0,False,False
Business Analyst KYC,Antal,Kraków,21840  – 26880  PLN,API,/pl/job/business-analyst-kyc-antal-krakow-1,21840.0,26880.0,24360.0,False,False
Business Analyst (IoT projects),Antal,Zdalnie,16800  – 21840  PLN,Business Analysis,/pl/job/business-analyst-iot-projects-antal-remote,16800.0,21840.0,19320.0,True,False
Business Analyst (IoT projects),Antal,Zdalnie,16800  – 21840  PLN,Business Analysis,/pl/job/business-analyst-iot-projects-antal-remote,16800.0,21840.0,19320.0,True,False
Business Analyst (IoT projects),Antal,Zdalnie,16800  – 21840  PLN,System analysis,/pl/job/business-analyst-iot-projects-antal-remote,16800.0,21840.0,19320.0,True,False
Business Analyst (IoT projects),Antal,Zdalnie,16800  – 21840  PLN,Change management,/pl/job/business-analyst-iot-projects-antal-remote,16800.0,21840.0,19320.0,True,False
Technical Business Analyst (m/f/d),CommerzBank,Łódź,,Business Analysis,/pl/job/technical-business-analyst-m-f-d-commerzbank-lodz,,,,False,False
Technical Business Analyst (m/f/d),CommerzBank,Łódź,,BPMN,/pl/job/technical-business-analyst-m-f-d-commerzbank-lodz,,,,False,False
Technical Business Analyst (m/f/d),CommerzBank,Łódź,,REST API,/pl/job/technical-business-analyst-m-f-d-commerzbank-lodz,,,,False,False
Technical Business Analyst (m/f/d),CommerzBank,Łódź,,Open API,/pl/job/technical-business-analyst-m-f-d-commerzbank-lodz,,,,False,False
Junior Business Analyst,Scalo,Warszawa,13440  – 15120  PLN,Data,/pl/job/junior-business-analyst-scalo-warszawa,13440.0,15120.0,14280.0,False,False
Junior Business Analyst,Scalo,Warszawa,13440  – 15120  PLN,Excel,/pl/job/junior-business-analyst-scalo-warszawa,13440.0,15120.0,14280.0,False,False
Junior Business Analyst,Scalo,Warszawa,13440  – 15120  PLN,Jira,/pl/job/junior-business-analyst-scalo-warszawa,13440.0,15120.0,14280.0,False,False
Junior Business Analyst,Scalo,Warszawa,13440  – 15120  PLN,Confluence,/pl/job/junior-business-analyst-scalo-warszawa,13440.0,15120.0,14280.0,False,False
Supply Chain Business Analyst with German,Antal,Kraków,,Logistyka,/pl/job/supply-chain-business-analyst-with-german-antal-krakow,,,,False,False
Supply Chain Business Analyst with German,Antal,Kraków,,Supply Chain,/pl/job/supply-chain-business-analyst-with-german-antal-krakow,,,,False,False
Supply Chain Business Analyst with German,Antal,Kraków,,Business Analysis,/pl/job/supply-chain-business-analyst-with-german-antal-krakow,,,,False,False
Supply Chain Business Analyst with German,Antal,Kraków,,Customer Collaboration,/pl/job/supply-chain-business-analyst-with-german-antal-krakow,,,,False,False
IT Business Analyst,Antal,Kraków,23520  – 26880  PLN,Business Analysis,/pl/job/it-business-analyst-antal-krakow-5,23520.0,26880.0,25200.0,False,False
IT Business Analyst,Antal,Kraków,23520  – 26880  PLN,Analiza biznesowa,/pl/job/it-business-analyst-antal-krakow-5,23520.0,26880.0,25200.0,False,False
IT Business Analyst,Antal,Kraków,23520  – 26880  PLN,Bankowość,/pl/job/it-business-analyst-antal-krakow-5,23520.0,26880.0,25200.0,False,False
IT Business Analyst,Antal,Kraków,23520  – 26880  PLN,Business Intelligence,/pl/job/it-business-analyst-antal-krakow-5,23520.0,26880.0,25200.0,False,False
Business Applications Analyst (Salesforce),Link Group,Warszawa,15000  – 23000  PLN,Business Analysis,/pl/job/business-applications-analyst-salesforce-link-group-warszawa,15000.0,23000.0,19000.0,False,False
Business Applications Analyst (Salesforce),Link Group,Warszawa,15000  – 23000  PLN,Salesforce,/pl/job/business-applications-analyst-salesforce-link-group-warszawa,15000.0,23000.0,19000.0,False,False
Business Applications Analyst (Salesforce),Link Group,Warszawa,15000  – 23000  PLN,Business Analysis,/pl/job/business-applications-analyst-salesforce-link-group-warszawa,15000.0,23000.0,19000.0,False,False
Business Applications Analyst (Salesforce),Link Group,Warszawa,15000  – 23000  PLN,Functional Consultant,/pl/job/business-applications-analyst-salesforce-link-group-warszawa,15000.0,23000.0,19000.0,False,False
Business Analyst - Omnichannel Experience & Transformation Department​​,T-Mobile Polska,Zdalnie,,Business Analysis,/pl/job/business-analyst-omnichannel-experience-transformation-department--t-mobile-polska-remote,,,,True,False
Business Analyst - Omnichannel Experience & Transformation Department​​,T-Mobile Polska,Zdalnie,,Requirements analysis,/pl/job/business-analyst-omnichannel-experience-transformation-department--t-mobile-polska-remote,,,,True,False
Business Analyst - Omnichannel Experience & Transformation Department​​,T-Mobile Polska,Zdalnie,,Communication skills,/pl/job/business-analyst-omnichannel-experience-transformation-department--t-mobile-polska-remote,,,,True,False
Business Analyst - Omnichannel Experience & Transformation Department​​,T-Mobile Polska,Zdalnie,,UML,/pl/job/business-analyst-omnichannel-experience-transformation-department--t-mobile-polska-remote,,,,True,False
Business Analyst,Ework Group,Warszawa,21840  – 24360  PLN,Business Analysis,/pl/job/business-analyst-ework-group-warszawa-9,21840.0,24360.0,23100.0,False,True
Business Analyst,Ework Group,Warszawa,21840  – 24360  PLN,Business Analysis,/pl/job/business-analyst-ework-group-warszawa-9,21840.0,24360.0,23100.0,False,True
Business Analyst,Ework Group,Warszawa,21840  – 24360  PLN,angielski,/pl/job/business-analyst-ework-group-warszawa-9,21840.0,24360.0,23100.0,False,True
Business/System Analyst,Safety Heads,Zdalnie,,Business Analysis,/pl/job/business-system-analyst-safety-heads-remote,,,,True,False
Business/System Analyst,Safety Heads,Zdalnie,,REST API,/pl/job/business-system-analyst-safety-heads-remote,,,,True,False
Business/System Analyst,Safety Heads,Zdalnie,,XML,/pl/job/business-system-analyst-safety-heads-remote,,,,True,False
Business/System Analyst,Safety Heads,Zdalnie,,JSON,/pl/job/business-system-analyst-safety-heads-remote,,,,True,False
Business Analyst (ML & AWS SageMaker),DCG,Gdynia,20160  – 22680  PLN,Business Analysis,/pl/job/business-analyst-ml-aws-sagemaker-dcg-gdynia,20160.0,22680.0,21420.0,False,False
Business Analyst (ML & AWS SageMaker),DCG,Gdynia,20160  – 22680  PLN,AWS SageMaker,/pl/job/business-analyst-ml-aws-sagemaker-dcg-gdynia,20160.0,22680.0,21420.0,False,False
Business Analyst (ML & AWS SageMaker),DCG,Gdynia,20160  – 22680  PLN,Communication skills,/pl/job/business-analyst-ml-aws-sagemaker-dcg-gdynia,20160.0,22680.0,21420.0,False,False
MFA Business Analyst,Mindbox Sp. z o.o.,Kraków,21000  – 25200  PLN,Business Analysis,/pl/job/mfa-business-analyst-mindbox-krakow,21000.0,25200.0,23100.0,False,False
MFA Business Analyst,Mindbox Sp. z o.o.,Kraków,21000  – 25200  PLN,MFA,/pl/job/mfa-business-analyst-mindbox-krakow,21000.0,25200.0,23100.0,False,False
MFA Business Analyst,Mindbox Sp. z o.o.,Kraków,21000  – 25200  PLN,Security,/pl/job/mfa-business-analyst-mindbox-krakow,21000.0,25200.0,23100.0,False,False
Quantum Business Analyst,Antal,Kraków,,Business Analysis,/pl/job/quantum-business-analyst-antal-krakow,,,,False,False
Quantum Business Analyst,Antal,Kraków,,Business Analysis,/pl/job/quantum-business-analyst-antal-krakow,,,,False,False
Quantum Business Analyst,Antal,Kraków,,Analiza biznesowa,/pl/job/quantum-business-analyst-antal-krakow,,,,False,False
Quantum Business Analyst,Antal,Kraków,,User stories,/pl/job/quantum-business-analyst-antal-krakow,,,,False,False
Business and Systems Analyst,Scalo,Warszawa,22680  – 24360  PLN,Data,/pl/job/business-and-systems-analyst-scalo-warszawa,22680.0,24360.0,23520.0,False,False
Business and Systems Analyst,Scalo,Warszawa,22680  – 24360  PLN,BPMN,/pl/job/business-and-systems-analyst-scalo-warszawa,22680.0,24360.0,23520.0,False,False
Business and Systems Analyst,Scalo,Warszawa,22680  – 24360  PLN,UML,/pl/job/business-and-systems-analyst-scalo-warszawa,22680.0,24360.0,23520.0,False,False
Business and Systems Analyst,Scalo,Warszawa,22680  – 24360  PLN,UI,/pl/job/business-and-systems-analyst-scalo-warszawa,22680.0,24360.0,23520.0,False,False
Business Analyst - Legal Operations (f/m/x),Sii Polska,Zdalnie,23100  – 25200  PLN,Business Analysis,/pl/job/business-analyst-legal-operations-f-m-x-sii-polska-remote,23100.0,25200.0,24150.0,True,False
Business Analyst - Legal Operations (f/m/x),Sii Polska,Zdalnie,23100  – 25200  PLN,User stories,/pl/job/business-analyst-legal-operations-f-m-x-sii-polska-remote,23100.0,25200.0,24150.0,True,False
Business Analyst - Legal Operations (f/m/x),Sii Polska,Zdalnie,23100  – 25200  PLN,SaaS Solutions,/pl/job/business-analyst-legal-operations-f-m-x-sii-polska-remote,23100.0,25200.0,24150.0,True,False
Business Analyst - Legal Operations (f/m/x),Sii Polska,Zdalnie,23100  – 25200  PLN,polski,/pl/job/business-analyst-legal-operations-f-m-x-sii-polska-remote,23100.0,25200.0,24150.0,True,False
"Business Analyst, TRA Transformation",HSBC Technology Poland,Kraków,15108  – 22658  PLN,Business Analysis,/pl/job/business-analyst-tra-transformation-hsbc-technology-poland-krakow,15108.0,22658.0,18883.0,False,True
"Business Analyst, TRA Transformation",HSBC Technology Poland,Kraków,15108  – 22658  PLN,Business Analysis,/pl/job/business-analyst-tra-transformation-hsbc-technology-poland-krakow,15108.0,22658.0,18883.0,False,True
"Business Analyst, TRA Transformation",HSBC Technology Poland,Kraków,15108  – 22658  PLN,angielski,/pl/job/business-analyst-tra-transformation-hsbc-technology-poland-krakow,15108.0,22658.0,18883.0,False,True
Business Analyst - Dynamics 365,Antal,Kraków,33600  – 40320  PLN,Business Analysis,/pl/job/business-analyst-dynamics-365-antal-krakow,33600.0,40320.0,36960.0,False,False
Business Analyst - Dynamics 365,Antal,Kraków,33600  – 40320  PLN,D365,/pl/job/business-analyst-dynamics-365-antal-krakow,33600.0,40320.0,36960.0,False,False
Business Analyst - Dynamics 365,Antal,Kraków,33600  – 40320  PLN,Power Platform,/pl/job/business-analyst-dynamics-365-antal-krakow,33600.0,40320.0,36960.0,False,False
Senior Business Analyst,GFT Poland,Kraków,13900  – 21270  PLN,Business Analysis,/pl/job/senior-business-analyst-gft-poland-krakow,13900.0,21270.0,17585.0,False,False
Senior Business Analyst,GFT Poland,Kraków,13900  – 21270  PLN,Business Analysis,/pl/job/senior-business-analyst-gft-poland-krakow,13900.0,21270.0,17585.0,False,False
Senior Business Analyst,GFT Poland,Kraków,13900  – 21270  PLN,Power BI,/pl/job/senior-business-analyst-gft-poland-krakow,13900.0,21270.0,17585.0,False,False
Senior Business Analyst,GFT Poland,Kraków,13900  – 21270  PLN,Tableau,/pl/job/senior-business-analyst-gft-poland-krakow,13900.0,21270.0,17585.0,False,False
Senior Business Analyst Consultant,GFT Poland,Kraków,20160  – 26880  PLN,Business Analysis,/pl/job/senior-business-analyst-consultant-gft-poland-krakow,20160.0,26880.0,23520.0,False,False
Senior Business Analyst Consultant,GFT Poland,Kraków,20160  – 26880  PLN,Business Analysis,/pl/job/senior-business-analyst-consultant-gft-poland-krakow,20160.0,26880.0,23520.0,False,False
Senior Business Analyst Consultant,GFT Poland,Kraków,20160  – 26880  PLN,Power BI,/pl/job/senior-business-analyst-consultant-gft-poland-krakow,20160.0,26880.0,23520.0,False,False
Senior Business Analyst Consultant,GFT Poland,Kraków,20160  – 26880  PLN,Tableau,/pl/job/senior-business-analyst-consultant-gft-poland-krakow,20160.0,26880.0,23520.0,False,False
Business Analyst KYC,Antal,Kraków,21840  – 26880  PLN,Business Analysis,/pl/job/business-analyst-kyc-antal-krakow-1,21840.0,26880.0,24360.0,False,False
Business Analyst KYC,Antal,Kraków,21840  – 26880  PLN,Client onboarding,/pl/job/business-analyst-kyc-antal-krakow-1,21840.0,26880.0,24360.0,False,False
Business Analyst KYC,Antal,Kraków,21840  – 26880  PLN,KYC,/pl/job/business-analyst-kyc-antal-krakow-1,21840.0,26880.0,24360.0,False,False
Business Analyst KYC,Antal,Kraków,21840  – 26880  PLN,API,/pl/job/business-analyst-kyc-antal-krakow-1,21840.0,26880.0,24360.0,False,False
Business Analyst (IoT projects),Antal,Zdalnie,16800  – 21840  PLN,Business Analysis,/pl/job/business-analyst-iot-projects-antal-remote,16800.0,21840.0,19320.0,True,False
Business Analyst (IoT projects),Antal,Zdalnie,16800  – 21840  PLN,Business Analysis,/pl/job/business-analyst-iot-projects-antal-remote,16800.0,21840.0,19320.0,True,False
Business Analyst (IoT projects),Antal,Zdalnie,16800  – 21840  PLN,System analysis,/pl/job/business-analyst-iot-projects-antal-remote,16800.0,21840.0,19320.0,True,False
Business Analyst (IoT projects),Antal,Zdalnie,16800  – 21840  PLN,Change management,/pl/job/business-analyst-iot-projects-antal-remote,16800.0,21840.0,19320.0,True,False
Technical Business Analyst (m/f/d),CommerzBank,Łódź,,Business Analysis,/pl/job/technical-business-analyst-m-f-d-commerzbank-lodz,,,,False,False
Technical Business Analyst (m/f/d),CommerzBank,Łódź,,BPMN,/pl/job/technical-business-analyst-m-f-d-commerzbank-lodz,,,,False,False
Technical Business Analyst (m/f/d),CommerzBank,Łódź,,REST API,/pl/job/technical-business-analyst-m-f-d-commerzbank-lodz,,,,False,False
Technical Business Analyst (m/f/d),CommerzBank,Łódź,,Open API,/pl/job/technical-business-analyst-m-f-d-commerzbank-lodz,,,,False,False
Junior Business Analyst,Scalo,Warszawa,13440  – 15120  PLN,Data,/pl/job/junior-business-analyst-scalo-warszawa,13440.0,15120.0,14280.0,False,False
Junior Business Analyst,Scalo,Warszawa,13440  – 15120  PLN,Excel,/pl/job/junior-business-analyst-scalo-warszawa,13440.0,15120.0,14280.0,False,False
Junior Business Analyst,Scalo,Warszawa,13440  – 15120  PLN,Jira,/pl/job/junior-business-analyst-scalo-warszawa,13440.0,15120.0,14280.0,False,False
Junior Business Analyst,Scalo,Warszawa,13440  – 15120  PLN,Confluence,/pl/job/junior-business-analyst-scalo-warszawa,13440.0,15120.0,14280.0,False,False
Supply Chain Business Analyst with German,Antal,Kraków,,Logistyka,/pl/job/supply-chain-business-analyst-with-german-antal-krakow,,,,False,False
Supply Chain Business Analyst with German,Antal,Kraków,,Supply Chain,/pl/job/supply-chain-business-analyst-with-german-antal-krakow,,,,False,False
Supply Chain Business Analyst with German,Antal,Kraków,,Business Analysis,/pl/job/supply-chain-business-analyst-with-german-antal-krakow,,,,False,False
Supply Chain Business Analyst with German,Antal,Kraków,,Customer Collaboration,/pl/job/supply-chain-business-analyst-with-german-antal-krakow,,,,False,False
IT Business Analyst,Antal,Kraków,23520  – 26880  PLN,Business Analysis,/pl/job/it-business-analyst-antal-krakow-5,23520.0,26880.0,25200.0,False,False
IT Business Analyst,Antal,Kraków,23520  – 26880  PLN,Analiza biznesowa,/pl/job/it-business-analyst-antal-krakow-5,23520.0,26880.0,25200.0,False,False
IT Business Analyst,Antal,Kraków,23520  – 26880  PLN,Bankowość,/pl/job/it-business-analyst-antal-krakow-5,23520.0,26880.0,25200.0,False,False
IT Business Analyst,Antal,Kraków,23520  – 26880  PLN,Business Intelligence,/pl/job/it-business-analyst-antal-krakow-5,23520.0,26880.0,25200.0,False,False
Business Applications Analyst (Salesforce),Link Group,Warszawa,15000  – 23000  PLN,Business Analysis,/pl/job/business-applications-analyst-salesforce-link-group-warszawa,15000.0,23000.0,19000.0,False,False
Business Applications Analyst (Salesforce),Link Group,Warszawa,15000  – 23000  PLN,Salesforce,/pl/job/business-applications-analyst-salesforce-link-group-warszawa,15000.0,23000.0,19000.0,False,False
Business Applications Analyst (Salesforce),Link Group,Warszawa,15000  – 23000  PLN,Business Analysis,/pl/job/business-applications-analyst-salesforce-link-group-warszawa,15000.0,23000.0,19000.0,False,False
Business Applications Analyst (Salesforce),Link Group,Warszawa,15000  – 23000  PLN,Functional Consultant,/pl/job/business-applications-analyst-salesforce-link-group-warszawa,15000.0,23000.0,19000.0,False,False
Business Analyst - Omnichannel Experience & Transformation Department​​,T-Mobile Polska,Zdalnie,,Business Analysis,/pl/job/business-analyst-omnichannel-experience-transformation-department--t-mobile-polska-remote,,,,True,False
Business Analyst - Omnichannel Experience & Transformation Department​​,T-Mobile Polska,Zdalnie,,Requirements analysis,/pl/job/business-analyst-omnichannel-experience-transformation-department--t-mobile-polska-remote,,,,True,False
Business Analyst - Omnichannel Experience & Transformation Department​​,T-Mobile Polska,Zdalnie,,Communication skills,/pl/job/business-analyst-omnichannel-experience-transformation-department--t-mobile-polska-remote,,,,True,False
Business Analyst - Omnichannel Experience & Transformation Department​​,T-Mobile Polska,Zdalnie,,UML,/pl/job/business-analyst-omnichannel-experience-transformation-department--t-mobile-polska-remote,,,,True,False
Business Analyst,Ework Group,Warszawa,21840  – 24360  PLN,Business Analysis,/pl/job/business-analyst-ework-group-warszawa-9,21840.0,24360.0,23100.0,False,True
Business Analyst,Ework Group,Warszawa,21840  – 24360  PLN,Business Analysis,/pl/job/business-analyst-ework-group-warszawa-9,21840.0,24360.0,23100.0,False,True
Business Analyst,Ework Group,Warszawa,21840  – 24360  PLN,angielski,/pl/job/business-analyst-ework-group-warszawa-9,21840.0,24360.0,23100.0,False,True
Business/System Analyst,Safety Heads,Zdalnie,,Business Analysis,/pl/job/business-system-analyst-safety-heads-remote,,,,True,False
Business/System Analyst,Safety Heads,Zdalnie,,REST API,/pl/job/business-system-analyst-safety-heads-remote,,,,True,False
Business/System Analyst,Safety Heads,Zdalnie,,XML,/pl/job/business-system-analyst-safety-heads-remote,,,,True,False
Business/System Analyst,Safety Heads,Zdalnie,,JSON,/pl/job/business-system-analyst-safety-heads-remote,,,,True,False
Business Analyst (ML & AWS SageMaker),DCG,Gdynia,20160  – 22680  PLN,Business Analysis,/pl/job/business-analyst-ml-aws-sagemaker-dcg-gdynia,20160.0,22680.0,21420.0,False,False
Business Analyst (ML & AWS SageMaker),DCG,Gdynia,20160  – 22680  PLN,AWS SageMaker,/pl/job/business-analyst-ml-aws-sagemaker-dcg-gdynia,20160.0,22680.0,21420.0,False,False
Business Analyst (ML & AWS SageMaker),DCG,Gdynia,20160  – 22680  PLN,Communication skills,/pl/job/business-analyst-ml-aws-sagemaker-dcg-gdynia,20160.0,22680.0,21420.0,False,False
Senior Business Analyst,ALGOTEQUE Innovation Hub,Warszawa,18900  – 23100  PLN,Business Analysis,/pl/job/senior-business-analyst-algoteque-innovation-hub-warszawa,18900.0,23100.0,21000.0,False,False
Senior Business Analyst,ALGOTEQUE Innovation Hub,Warszawa,18900  – 23100  PLN,Jira,/pl/job/senior-business-analyst-algoteque-innovation-hub-warszawa,18900.0,23100.0,21000.0,False,False
Senior Business Analyst,ALGOTEQUE Innovation Hub,Warszawa,18900  – 23100  PLN,Confluence,/pl/job/senior-business-analyst-algoteque-innovation-hub-warszawa,18900.0,23100.0,21000.0,False,False
Senior Business Analyst,ALGOTEQUE Innovation Hub,Warszawa,18900  – 23100  PLN,polski,/pl/job/senior-business-analyst-algoteque-innovation-hub-warszawa,18900.0,23100.0,21000.0,False,False
Senior Business System Analyst,Ework Group,Warszawa,,Business Analysis,/pl/job/senior-business-system-analyst-ework-group-warszawa,,,,False,True
Senior Business System Analyst,Ework Group,Warszawa,,polski,/pl/job/senior-business-system-analyst-ework-group-warszawa,,,,False,True
Senior Business System Analyst,Ework Group,Warszawa,,angielski,/pl/job/senior-business-system-analyst-ework-group-warszawa,,,,False,True
Business-  System Analyst,Scalo,Zdalnie,21840  – 23520  PLN,Data,/pl/job/business-system-analyst-scalo-remote-11,21840.0,23520.0,22680.0,True,False
Business-  System Analyst,Scalo,Zdalnie,21840  – 23520  PLN,User stories,/pl/job/business-system-analyst-scalo-remote-11,21840.0,23520.0,22680.0,True,False
Business-  System Analyst,Scalo,Zdalnie,21840  – 23520  PLN,UML,/pl/job/business-system-analyst-scalo-remote-11,21840.0,23520.0,22680.0,True,False
Business-  System Analyst,Scalo,Zdalnie,21840  – 23520  PLN,BPMN,/pl/job/business-system-analyst-scalo-remote-11,21840.0,23520.0,22680.0,True,False
Senior System Designer \ IT System-Business Analyst,Antal,Warszawa,23520  – 26880  PLN,Business Analysis,/pl/job/senior-system-designer-it-system-business-analyst-antal-warszawa,23520.0,26880.0,25200.0,False,False
Senior System Designer \ IT System-Business Analyst,Antal,Warszawa,23520  – 26880  PLN,UML,/pl/job/senior-system-designer-it-system-business-analyst-antal-warszawa,23520.0,26880.0,25200.0,False,False
Senior System Designer \ IT System-Business Analyst,Antal,Warszawa,23520  – 26880  PLN,BPMN,/pl/job/senior-system-designer-it-system-business-analyst-antal-warszawa,23520.0,26880.0,25200.0,False,False
Senior System Designer \ IT System-Business Analyst,Antal,Warszawa,23520  – 26880  PLN,Java,/pl/job/senior-system-designer-it-system-business-analyst-antal-warszawa,23520.0,26880.0,25200.0,False,False
Senior Business Analyst (z językiem niemieckim),Antal,Zdalnie,,Business Analysis,/pl/job/senior-business-analyst-z-jezykiem-niemieckim-antal-remote,,,,True,False
Senior Business Analyst (z językiem niemieckim),Antal,Zdalnie,,Business Analysis,/pl/job/senior-business-analyst-z-jezykiem-niemieckim-antal-remote,,,,True,False
Senior Business Analyst (z językiem niemieckim),Antal,Zdalnie,,Agile,/pl/job/senior-business-analyst-z-jezykiem-niemieckim-antal-remote,,,,True,False
Senior Business Analyst (z językiem niemieckim),Antal,Zdalnie,,Budowanie relacji,/pl/job/senior-business-analyst-z-jezykiem-niemieckim-antal-remote,,,,True,False
IT Business Analyst (K/M),ASTEK Polska,Warszawa,18480  – 21000  PLN,Business Analysis,/pl/job/it-business-analyst-k-m-astek-polska-warszawa,18480.0,21000.0,19740.0,False,False
IT Business Analyst (K/M),ASTEK Polska,Warszawa,18480  – 21000  PLN,MS Office,/pl/job/it-business-analyst-k-m-astek-polska-warszawa,18480.0,21000.0,19740.0,False,False
IT Business Analyst (K/M),ASTEK Polska,Warszawa,18480  – 21000  PLN,AML,/pl/job/it-business-analyst-k-m-astek-polska-warszawa,18480.0,21000.0,19740.0,False,False
IT Business Analyst (K/M),ASTEK Polska,Warszawa,18480  – 21000  PLN,STIR,/pl/job/it-business-analyst-k-m-astek-polska-warszawa,18480.0,21000.0,19740.0,False,False
IT Business Analyst (K/M) K/M,ASTEK Polska,Warszawa,13000  – 14600  PLN,Business Analysis,/pl/job/it-business-analyst-k-m-k-m-astek-polska-warszawa-1,13000.0,14600.0,13800.0,False,False
IT Business Analyst (K/M) K/M,ASTEK Polska,Warszawa,13000  – 14600  PLN,MS Office,/pl/job/it-business-analyst-k-m-k-m-astek-polska-warszawa-1,13000.0,14600.0,13800.0,False,False
IT Business Analyst (K/M) K/M,ASTEK Polska,Warszawa,13000  – 14600  PLN,AML,/pl/job/it-business-analyst-k-m-k-m-astek-polska-warszawa-1,13000.0,14600.0,13800.0,False,False
IT Business Analyst (K/M) K/M,ASTEK Polska,Warszawa,13000  – 14600  PLN,STIR,/pl/job/it-business-analyst-k-m-k-m-astek-polska-warszawa-1,13000.0,14600.0,13800.0,False,False
Business Analyst,Arche Solutions,Katowice,18480  – 21840  PLN,Business Analysis,/pl/job/business-analyst-arche-solutions-katowice,18480.0,21840.0,20160.0,False,True
Business Analyst,Arche Solutions,Katowice,18480  – 21840  PLN,SQL,/pl/job/business-analyst-arche-solutions-katowice,18480.0,21840.0,20160.0,False,True
Business Analyst,Arche Solutions,Katowice,18480  – 21840  PLN,API,/pl/job/business-analyst-arche-solutions-katowice,18480.0,21840.0,20160.0,False,True
Business Analyst,Arche Solutions,Katowice,18480  – 21840  PLN,angielski,/pl/job/business-analyst-arche-solutions-katowice,18480.0,21840.0,20160.0,False,True
Technical Business Analyst,EBIS,Zdalnie,,Business Analysis,/pl/job/technical-business-analyst-ebis-remote,,,,True,False
Technical Business Analyst,EBIS,Zdalnie,,Business Analysis,/pl/job/technical-business-analyst-ebis-remote,,,,True,False
Technical Business Analyst,EBIS,Zdalnie,,Technical Consultant,/pl/job/technical-business-analyst-ebis-remote,,,,True,False
Technical Business Analyst,EBIS,Zdalnie,,BI Consultant,/pl/job/technical-business-analyst-ebis-remote,,,,True,False
Business Analyst,Mindbox Sp. z o.o.,Kraków,21000  – 24150  PLN,Business Analysis,/pl/job/business-analyst-mindbox-krakow-25,21000.0,24150.0,22575.0,False,False
Business Analyst,Mindbox Sp. z o.o.,Kraków,21000  – 24150  PLN,Analytical skills,/pl/job/business-analyst-mindbox-krakow-25,21000.0,24150.0,22575.0,False,False
Business Analyst,Mindbox Sp. z o.o.,Kraków,21000  – 24150  PLN,Cloud,/pl/job/business-analyst-mindbox-krakow-25,21000.0,24150.0,22575.0,False,False
Business Analyst,Mindbox Sp. z o.o.,Kraków,21000  – 24150  PLN,DevOps,/pl/job/business-analyst-mindbox-krakow-25,21000.0,24150.0,22575.0,False,False
Business - System Analyst,Scalo,Wrocław,20496  – 22176  PLN,Data,/pl/job/business-system-analyst-scalo-wroclaw-4,20496.0,22176.0,21336.0,False,False
Business - System Analyst,Scalo,Wrocław,20496  – 22176  PLN,BPMN,/pl/job/business-system-analyst-scalo-wroclaw-4,20496.0,22176.0,21336.0,False,False
Business - System Analyst,Scalo,Wrocław,20496  – 22176  PLN,UML,/pl/job/business-system-analyst-scalo-wroclaw-4,20496.0,22176.0,21336.0,False,False
Business - System Analyst,Scalo,Wrocław,20496  – 22176  PLN,Jira,/pl/job/business-system-analyst-scalo-wroclaw-4,20496.0,22176.0,21336.0,False,False
System - Business Analyst,Scalo,Warszawa,21840  – 23520  PLN,Business Analysis,/pl/job/system-business-analyst-scalo-warszawa-4,21840.0,23520.0,22680.0,False,False
System - Business Analyst,Scalo,Warszawa,21840  – 23520  PLN,BPMN,/pl/job/system-business-analyst-scalo-warszawa-4,21840.0,23520.0,22680.0,False,False
System - Business Analyst,Scalo,Warszawa,21840  – 23520  PLN,UML,/pl/job/system-business-analyst-scalo-warszawa-4,21840.0,23520.0,22680.0,False,False
System - Business Analyst,Scalo,Warszawa,21840  – 23520  PLN,Enterprise Architect,/pl/job/system-business-analyst-scalo-warszawa-4,21840.0,23520.0,22680.0,False,False
System - Business Analyst,Scalo,Zdalnie,22680  – 24360  PLN,Data,/pl/job/system-business-analyst-scalo-remote-6,22680.0,24360.0,23520.0,True,False
System - Business Analyst,Scalo,Zdalnie,22680  – 24360  PLN,User story,/pl/job/system-business-analyst-scalo-remote-6,22680.0,24360.0,23520.0,True,False
System - Business Analyst,Scalo,Zdalnie,22680  – 24360  PLN,UML,/pl/job/system-business-analyst-scalo-remote-6,22680.0,24360.0,23520.0,True,False
System - Business Analyst,Scalo,Zdalnie,22680  – 24360  PLN,BPMN,/pl/job/system-business-analyst-scalo-remote-6,22680.0,24360.0,23520.0,True,False
Business Analyst,Antal,Kraków,23520  – 26880  PLN,Business Analysis,/pl/job/business-analyst-antal-krakow-15,23520.0,26880.0,25200.0,False,False
Business Analyst,Antal,Kraków,23520  – 26880  PLN,SEPA,/pl/job/business-analyst-antal-krakow-15,23520.0,26880.0,25200.0,False,False
Business Analyst,Antal,Kraków,23520  – 26880  PLN,ISO,/pl/job/business-analyst-antal-krakow-15,23520.0,26880.0,25200.0,False,False
Business Analyst,Antal,Kraków,23520  – 26880  PLN,Business Analysis,/pl/job/business-analyst-antal-krakow-15,23520.0,26880.0,25200.0,False,False
Business Analyst - Customer Value and Digital Engagement Department,T-Mobile Polska,Warszawa,,Business Analysis,/pl/job/business-analyst-customer-value-and-digital-engagement-department-t-mobile-polska-warszawa,,,,False,True
Business Analyst - Customer Value and Digital Engagement Department,T-Mobile Polska,Warszawa,,UML,/pl/job/business-analyst-customer-value-and-digital-engagement-department-t-mobile-polska-warszawa,,,,False,True
Business Analyst - Customer Value and Digital Engagement Department,T-Mobile Polska,Warszawa,,angielski,/pl/job/business-analyst-customer-value-and-digital-engagement-department-t-mobile-polska-warszawa,,,,False,True
IT Business Analyst with German Intern - Loans & Restructuring Solutions - TalentBank 2026,CommerzBank,Łódź,,Business Analysis,/pl/job/it-business-analyst-with-german-intern-loans-restructuring-solutions-talentbank-2026-commerzbank-lodz,,,,False,False
IT Business Analyst with German Intern - Loans & Restructuring Solutions - TalentBank 2026,CommerzBank,Łódź,,Excel,/pl/job/it-business-analyst-with-german-intern-loans-restructuring-solutions-talentbank-2026-commerzbank-lodz,,,,False,False
IT Business Analyst with German Intern - Loans & Restructuring Solutions - TalentBank 2026,CommerzBank,Łódź,,niemiecki,/pl/job/it-business-analyst-with-german-intern-loans-restructuring-solutions-talentbank-2026-commerzbank-lodz,,,,False,False
Business Analyst Intern - Securities Processes- TalentBank 2026,CommerzBank,Łódź,,Business Analysis,/pl/job/business-analyst-intern-securities-processes-talentbank-2026-commerzbank-lodz,,,,False,False
Business Analyst Intern - Securities Processes- TalentBank 2026,CommerzBank,Łódź,,Business Analysis,/pl/job/business-analyst-intern-securities-processes-talentbank-2026-commerzbank-lodz,,,,False,False
Business Analyst Intern - Securities Processes- TalentBank 2026,CommerzBank,Łódź,,Figma,/pl/job/business-analyst-intern-securities-processes-talentbank-2026-commerzbank-lodz,,,,False,False
Business Analyst Intern - Securities Processes- TalentBank 2026,CommerzBank,Łódź,,API,/pl/job/business-analyst-intern-securities-processes-talentbank-2026-commerzbank-lodz,,,,False,False
Senior IT Business Analyst,ING BANK ŚLĄSKI SPÓŁKA AKCYJNA,Katowice,17000  – 21000  PLN,Business Analysis,/pl/job/senior-it-business-analyst-ing-bank-slaski-spolka-akcyjna-katowice,17000.0,21000.0,19000.0,False,False
Senior IT Business Analyst,ING BANK ŚLĄSKI SPÓŁKA AKCYJNA,Katowice,17000  – 21000  PLN,ISO,/pl/job/senior-it-business-analyst-ing-bank-slaski-spolka-akcyjna-katowice,17000.0,21000.0,19000.0,False,False
Senior IT Business Analyst,ING BANK ŚLĄSKI SPÓŁKA AKCYJNA,Katowice,17000  – 21000  PLN,Swift,/pl/job/senior-it-business-analyst-ing-bank-slaski-spolka-akcyjna-katowice,17000.0,21000.0,19000.0,False,False
Senior IT Business Analyst,ING BANK ŚLĄSKI SPÓŁKA AKCYJNA,Katowice,17000  – 21000  PLN,Wykształcenie techniczne,/pl/job/senior-it-business-analyst-ing-bank-slaski-spolka-akcyjna-katowice,17000.0,21000.0,19000.0,False,False
Senior Business Analyst (K/M),Finture Sp. z o.o,Zdalnie,,Business Analysis,/pl/job/senior-business-analyst-k-m-finture-remote,,,,True,False
Senior Business Analyst (K/M),Finture Sp. z o.o,Zdalnie,,Business Analysis,/pl/job/senior-business-analyst-k-m-finture-remote,,,,True,False
Senior Business Analyst (K/M),Finture Sp. z o.o,Zdalnie,,Retail,/pl/job/senior-business-analyst-k-m-finture-remote,,,,True,False
Senior Business Analyst (K/M),Finture Sp. z o.o,Zdalnie,,Sales,/pl/job/senior-business-analyst-k-m-finture-remote,,,,True,False
Senior Business Analyst,ALGOTEQUE Innovation Hub,Warszawa,18900  – 23100  PLN,Business Analysis,/pl/job/senior-business-analyst-algoteque-innovation-hub-warszawa,18900.0,23100.0,21000.0,False,False
Senior Business Analyst,ALGOTEQUE Innovation Hub,Warszawa,18900  – 23100  PLN,Jira,/pl/job/senior-business-analyst-algoteque-innovation-hub-warszawa,18900.0,23100.0,21000.0,False,False
Senior Business Analyst,ALGOTEQUE Innovation Hub,Warszawa,18900  – 23100  PLN,Confluence,/pl/job/senior-business-analyst-algoteque-innovation-hub-warszawa,18900.0,23100.0,21000.0,False,False
Senior Business Analyst,ALGOTEQUE Innovation Hub,Warszawa,18900  – 23100  PLN,polski,/pl/job/senior-business-analyst-algoteque-innovation-hub-warszawa,18900.0,23100.0,21000.0,False,False
Senior Business System Analyst,Ework Group,Warszawa,,Business Analysis,/pl/job/senior-business-system-analyst-ework-group-warszawa,,,,False,True
Senior Business System Analyst,Ework Group,Warszawa,,polski,/pl/job/senior-business-system-analyst-ework-group-warszawa,,,,False,True
Senior Business System Analyst,Ework Group,Warszawa,,angielski,/pl/job/senior-business-system-analyst-ework-group-warszawa,,,,False,True
Business-  System Analyst,Scalo,Zdalnie,21840  – 23520  PLN,Data,/pl/job/business-system-analyst-scalo-remote-11,21840.0,23520.0,22680.0,True,False
Business-  System Analyst,Scalo,Zdalnie,21840  – 23520  PLN,User stories,/pl/job/business-system-analyst-scalo-remote-11,21840.0,23520.0,22680.0,True,False
Business-  System Analyst,Scalo,Zdalnie,21840  – 23520  PLN,UML,/pl/job/business-system-analyst-scalo-remote-11,21840.0,23520.0,22680.0,True,False
Business-  System Analyst,Scalo,Zdalnie,21840  – 23520  PLN,BPMN,/pl/job/business-system-analyst-scalo-remote-11,21840.0,23520.0,22680.0,True,False
Senior System Designer \ IT System-Business Analyst,Antal,Warszawa,23520  – 26880  PLN,Business Analysis,/pl/job/senior-system-designer-it-system-business-analyst-antal-warszawa,23520.0,26880.0,25200.0,False,False
Senior System Designer \ IT System-Business Analyst,Antal,Warszawa,23520  – 26880  PLN,UML,/pl/job/senior-system-designer-it-system-business-analyst-antal-warszawa,23520.0,26880.0,25200.0,False,False
Senior System Designer \ IT System-Business Analyst,Antal,Warszawa,23520  – 26880  PLN,BPMN,/pl/job/senior-system-designer-it-system-business-analyst-antal-warszawa,23520.0,26880.0,25200.0,False,False
Senior System Designer \ IT System-Business Analyst,Antal,Warszawa,23520  – 26880  PLN,Java,/pl/job/senior-system-designer-it-system-business-analyst-antal-warszawa,23520.0,26880.0,25200.0,False,False
Senior Business Analyst (z językiem niemieckim),Antal,Zdalnie,,Business Analysis,/pl/job/senior-business-analyst-z-jezykiem-niemieckim-antal-remote,,,,True,False
Senior Business Analyst (z językiem niemieckim),Antal,Zdalnie,,Business Analysis,/pl/job/senior-business-analyst-z-jezykiem-niemieckim-antal-remote,,,,True,False
Senior Business Analyst (z językiem niemieckim),Antal,Zdalnie,,Agile,/pl/job/senior-business-analyst-z-jezykiem-niemieckim-antal-remote,,,,True,False
Senior Business Analyst (z językiem niemieckim),Antal,Zdalnie,,Budowanie relacji,/pl/job/senior-business-analyst-z-jezykiem-niemieckim-antal-remote,,,,True,False
IT Business Analyst (K/M),ASTEK Polska,Warszawa,18480  – 21000  PLN,Business Analysis,/pl/job/it-business-analyst-k-m-astek-polska-warszawa,18480.0,21000.0,19740.0,False,False
IT Business Analyst (K/M),ASTEK Polska,Warszawa,18480  – 21000  PLN,MS Office,/pl/job/it-business-analyst-k-m-astek-polska-warszawa,18480.0,21000.0,19740.0,False,False
IT Business Analyst (K/M),ASTEK Polska,Warszawa,18480  – 21000  PLN,AML,/pl/job/it-business-analyst-k-m-astek-polska-warszawa,18480.0,21000.0,19740.0,False,False
IT Business Analyst (K/M),ASTEK Polska,Warszawa,18480  – 21000  PLN,STIR,/pl/job/it-business-analyst-k-m-astek-polska-warszawa,18480.0,21000.0,19740.0,False,False
IT Business Analyst (K/M) K/M,ASTEK Polska,Warszawa,13000  – 14600  PLN,Business Analysis,/pl/job/it-business-analyst-k-m-k-m-astek-polska-warszawa-1,13000.0,14600.0,13800.0,False,False
IT Business Analyst (K/M) K/M,ASTEK Polska,Warszawa,13000  – 14600  PLN,MS Office,/pl/job/it-business-analyst-k-m-k-m-astek-polska-warszawa-1,13000.0,14600.0,13800.0,False,False
IT Business Analyst (K/M) K/M,ASTEK Polska,Warszawa,13000  – 14600  PLN,AML,/pl/job/it-business-analyst-k-m-k-m-astek-polska-warszawa-1,13000.0,14600.0,13800.0,False,False
IT Business Analyst (K/M) K/M,ASTEK Polska,Warszawa,13000  – 14600  PLN,STIR,/pl/job/it-business-analyst-k-m-k-m-astek-polska-warszawa-1,13000.0,14600.0,13800.0,False,False
Business Analyst,Arche Solutions,Katowice,18480  – 21840  PLN,Business Analysis,/pl/job/business-analyst-arche-solutions-katowice,18480.0,21840.0,20160.0,False,True
Business Analyst,Arche Solutions,Katowice,18480  – 21840  PLN,SQL,/pl/job/business-analyst-arche-solutions-katowice,18480.0,21840.0,20160.0,False,True
Business Analyst,Arche Solutions,Katowice,18480  – 21840  PLN,API,/pl/job/business-analyst-arche-solutions-katowice,18480.0,21840.0,20160.0,False,True
Business Analyst,Arche Solutions,Katowice,18480  – 21840  PLN,angielski,/pl/job/business-analyst-arche-solutions-katowice,18480.0,21840.0,20160.0,False,True
Technical Business Analyst,EBIS,Zdalnie,,Business Analysis,/pl/job/technical-business-analyst-ebis-remote,,,,True,False
Technical Business Analyst,EBIS,Zdalnie,,Business Analysis,/pl/job/technical-business-analyst-ebis-remote,,,,True,False
Technical Business Analyst,EBIS,Zdalnie,,Technical Consultant,/pl/job/technical-business-analyst-ebis-remote,,,,True,False
Technical Business Analyst,EBIS,Zdalnie,,BI Consultant,/pl/job/technical-business-analyst-ebis-remote,,,,True,False
Business Analyst,Mindbox Sp. z o.o.,Kraków,21000  – 24150  PLN,Business Analysis,/pl/job/business-analyst-mindbox-krakow-25,21000.0,24150.0,22575.0,False,False
Business Analyst,Mindbox Sp. z o.o.,Kraków,21000  – 24150  PLN,Analytical skills,/pl/job/business-analyst-mindbox-krakow-25,21000.0,24150.0,22575.0,False,False
Business Analyst,Mindbox Sp. z o.o.,Kraków,21000  – 24150  PLN,Cloud,/pl/job/business-analyst-mindbox-krakow-25,21000.0,24150.0,22575.0,False,False
Business Analyst,Mindbox Sp. z o.o.,Kraków,21000  – 24150  PLN,DevOps,/pl/job/business-analyst-mindbox-krakow-25,21000.0,24150.0,22575.0,False,False
Business - System Analyst,Scalo,Wrocław,20496  – 22176  PLN,Data,/pl/job/business-system-analyst-scalo-wroclaw-4,20496.0,22176.0,21336.0,False,False
Business - System Analyst,Scalo,Wrocław,20496  – 22176  PLN,BPMN,/pl/job/business-system-analyst-scalo-wroclaw-4,20496.0,22176.0,21336.0,False,False
Business - System Analyst,Scalo,Wrocław,20496  – 22176  PLN,UML,/pl/job/business-system-analyst-scalo-wroclaw-4,20496.0,22176.0,21336.0,False,False
Business - System Analyst,Scalo,Wrocław,20496  – 22176  PLN,Jira,/pl/job/business-system-analyst-scalo-wroclaw-4,20496.0,22176.0,21336.0,False,False
System - Business Analyst,Scalo,Warszawa,21840  – 23520  PLN,Business Analysis,/pl/job/system-business-analyst-scalo-warszawa-4,21840.0,23520.0,22680.0,False,False
System - Business Analyst,Scalo,Warszawa,21840  – 23520  PLN,BPMN,/pl/job/system-business-analyst-scalo-warszawa-4,21840.0,23520.0,22680.0,False,False
System - Business Analyst,Scalo,Warszawa,21840  – 23520  PLN,UML,/pl/job/system-business-analyst-scalo-warszawa-4,21840.0,23520.0,22680.0,False,False
System - Business Analyst,Scalo,Warszawa,21840  – 23520  PLN,Enterprise Architect,/pl/job/system-business-analyst-scalo-warszawa-4,21840.0,23520.0,22680.0,False,False
System - Business Analyst,Scalo,Zdalnie,22680  – 24360  PLN,Data,/pl/job/system-business-analyst-scalo-remote-6,22680.0,24360.0,23520.0,True,False
System - Business Analyst,Scalo,Zdalnie,22680  – 24360  PLN,User story,/pl/job/system-business-analyst-scalo-remote-6,22680.0,24360.0,23520.0,True,False
System - Business Analyst,Scalo,Zdalnie,22680  – 24360  PLN,UML,/pl/job/system-business-analyst-scalo-remote-6,22680.0,24360.0,23520.0,True,False
System - Business Analyst,Scalo,Zdalnie,22680  – 24360  PLN,BPMN,/pl/job/system-business-analyst-scalo-remote-6,22680.0,24360.0,23520.0,True,False
Business Analyst,Antal,Kraków,23520  – 26880  PLN,Business Analysis,/pl/job/business-analyst-antal-krakow-15,23520.0,26880.0,25200.0,False,False
Business Analyst,Antal,Kraków,23520  – 26880  PLN,SEPA,/pl/job/business-analyst-antal-krakow-15,23520.0,26880.0,25200.0,False,False
Business Analyst,Antal,Kraków,23520  – 26880  PLN,ISO,/pl/job/business-analyst-antal-krakow-15,23520.0,26880.0,25200.0,False,False
Business Analyst,Antal,Kraków,23520  – 26880  PLN,Business Analysis,/pl/job/business-analyst-antal-krakow-15,23520.0,26880.0,25200.0,False,False
Business Analyst - Customer Value and Digital Engagement Department,T-Mobile Polska,Warszawa,,Business Analysis,/pl/job/business-analyst-customer-value-and-digital-engagement-department-t-mobile-polska-warszawa,,,,False,True
Business Analyst - Customer Value and Digital Engagement Department,T-Mobile Polska,Warszawa,,UML,/pl/job/business-analyst-customer-value-and-digital-engagement-department-t-mobile-polska-warszawa,,,,False,True
Business Analyst - Customer Value and Digital Engagement Department,T-Mobile Polska,Warszawa,,angielski,/pl/job/business-analyst-customer-value-and-digital-engagement-department-t-mobile-polska-warszawa,,,,False,True
IT Business Analyst with German Intern - Loans & Restructuring Solutions - TalentBank 2026,CommerzBank,Łódź,,Business Analysis,/pl/job/it-business-analyst-with-german-intern-loans-restructuring-solutions-talentbank-2026-commerzbank-lodz,,,,False,False
IT Business Analyst with German Intern - Loans & Restructuring Solutions - TalentBank 2026,CommerzBank,Łódź,,Excel,/pl/job/it-business-analyst-with-german-intern-loans-restructuring-solutions-talentbank-2026-commerzbank-lodz,,,,False,False
IT Business Analyst with German Intern - Loans & Restructuring Solutions - TalentBank 2026,CommerzBank,Łódź,,niemiecki,/pl/job/it-business-analyst-with-german-intern-loans-restructuring-solutions-talentbank-2026-commerzbank-lodz,,,,False,False
Business Analyst Intern - Securities Processes- TalentBank 2026,CommerzBank,Łódź,,Business Analysis,/pl/job/business-analyst-intern-securities-processes-talentbank-2026-commerzbank-lodz,,,,False,False
Business Analyst Intern - Securities Processes- TalentBank 2026,CommerzBank,Łódź,,Business Analysis,/pl/job/business-analyst-intern-securities-processes-talentbank-2026-commerzbank-lodz,,,,False,False
Business Analyst Intern - Securities Processes- TalentBank 2026,CommerzBank,Łódź,,Figma,/pl/job/business-analyst-intern-securities-processes-talentbank-2026-commerzbank-lodz,,,,False,False
Business Analyst Intern - Securities Processes- TalentBank 2026,CommerzBank,Łódź,,API,/pl/job/business-analyst-intern-securities-processes-talentbank-2026-commerzbank-lodz,,,,False,False
Senior IT Business Analyst,ING BANK ŚLĄSKI SPÓŁKA AKCYJNA,Katowice,17000  – 21000  PLN,Business Analysis,/pl/job/senior-it-business-analyst-ing-bank-slaski-spolka-akcyjna-katowice,17000.0,21000.0,19000.0,False,False
Senior IT Business Analyst,ING BANK ŚLĄSKI SPÓŁKA AKCYJNA,Katowice,17000  – 21000  PLN,ISO,/pl/job/senior-it-business-analyst-ing-bank-slaski-spolka-akcyjna-katowice,17000.0,21000.0,19000.0,False,False
Senior IT Business Analyst,ING BANK ŚLĄSKI SPÓŁKA AKCYJNA,Katowice,17000  – 21000  PLN,Swift,/pl/job/senior-it-business-analyst-ing-bank-slaski-spolka-akcyjna-katowice,17000.0,21000.0,19000.0,False,False
Senior IT Business Analyst,ING BANK ŚLĄSKI SPÓŁKA AKCYJNA,Katowice,17000  – 21000  PLN,Wykształcenie techniczne,/pl/job/senior-it-business-analyst-ing-bank-slaski-spolka-akcyjna-katowice,17000.0,21000.0,19000.0,False,False
Senior Business Analyst (K/M),Finture Sp. z o.o,Zdalnie,,Business Analysis,/pl/job/senior-business-analyst-k-m-finture-remote,,,,True,False
Senior Business Analyst (K/M),Finture Sp. z o.o,Zdalnie,,Business Analysis,/pl/job/senior-business-analyst-k-m-finture-remote,,,,True,False
Senior Business Analyst (K/M),Finture Sp. z o.o,Zdalnie,,Retail,/pl/job/senior-business-analyst-k-m-finture-remote,,,,True,False
Senior Business Analyst (K/M),Finture Sp. z o.o,Zdalnie,,Sales,/pl/job/senior-business-analyst-k-m-finture-remote,,,,True,False
Junior Business Analyst,"AVENGA (Agencja Pracy, nr KRAZ: 8448)",Warszawa,9240  – 10080  PLN,Business Analysis,/pl/job/junior-business-analyst-avenga-agencja-pracy-nr-kraz-8448-warsaw-1,9240.0,10080.0,9660.0,False,False
Junior Business Analyst,"AVENGA (Agencja Pracy, nr KRAZ: 8448)",Warszawa,9240  – 10080  PLN,Jira,/pl/job/junior-business-analyst-avenga-agencja-pracy-nr-kraz-8448-warsaw-1,9240.0,10080.0,9660.0,False,False
Junior Business Analyst,"AVENGA (Agencja Pracy, nr KRAZ: 8448)",Warszawa,9240  – 10080  PLN,Confluence,/pl/job/junior-business-analyst-avenga-agencja-pracy-nr-kraz-8448-warsaw-1,9240.0,10080.0,9660.0,False,False
Junior Business Analyst,"AVENGA (Agencja Pracy, nr KRAZ: 8448)",Warszawa,9240  – 10080  PLN,Excel,/pl/job/junior-business-analyst-avenga-agencja-pracy-nr-kraz-8448-warsaw-1,9240.0,10080.0,9660.0,False,False
Business Systems Analyst,Connectis_,Warszawa,18144  – 18480  PLN,Business Analysis,/pl/job/business-systems-analyst-connectis--warszawa,18144.0,18480.0,18312.0,False,False
Business Systems Analyst,Connectis_,Warszawa,18144  – 18480  PLN,Jira,/pl/job/business-systems-analyst-connectis--warszawa,18144.0,18480.0,18312.0,False,False
Business Systems Analyst,Connectis_,Warszawa,18144  – 18480  PLN,Confluence,/pl/job/business-systems-analyst-connectis--warszawa,18144.0,18480.0,18312.0,False,False
Business Systems Analyst,Connectis_,Warszawa,18144  – 18480  PLN,UML,/pl/job/business-systems-analyst-connectis--warszawa,18144.0,18480.0,18312.0,False,False
Business Analyst,Link Group,Zdalnie,18480  – 21840  PLN,Business Analysis,/pl/job/business-analyst-link-group-remote-16,18480.0,21840.0,20160.0,True,False
Business Analyst,Link Group,Zdalnie,18480  – 21840  PLN,Business Analysis,/pl/job/business-analyst-link-group-remote-16,18480.0,21840.0,20160.0,True,False
Business Analyst,Link Group,Zdalnie,18480  – 21840  PLN,BPMN,/pl/job/business-analyst-link-group-remote-16,18480.0,21840.0,20160.0,True,False
Business Analyst,Link Group,Zdalnie,18480  – 21840  PLN,COTS,/pl/job/business-analyst-link-group-remote-16,18480.0,21840.0,20160.0,True,False
Senior Business Analyst,Mindbox Sp. z o.o.,Kraków,22050  – 25200  PLN,Data,/pl/job/senior-business-analyst-mindbox-krakow-8,22050.0,25200.0,23625.0,False,False
Senior Business Analyst,Mindbox Sp. z o.o.,Kraków,22050  – 25200  PLN,Data analysis,/pl/job/senior-business-analyst-mindbox-krakow-8,22050.0,25200.0,23625.0,False,False
Senior Business Analyst,Mindbox Sp. z o.o.,Kraków,22050  – 25200  PLN,SQL,/pl/job/senior-business-analyst-mindbox-krakow-8,22050.0,25200.0,23625.0,False,False
Business Analyst,Mindbox Sp. z o.o.,Kraków,21000  – 24150  PLN,Data,/pl/job/business-analyst-mindbox-krakow-24,21000.0,24150.0,22575.0,False,False
Business Analyst,Mindbox Sp. z o.o.,Kraków,21000  – 24150  PLN,DevOps,/pl/job/business-analyst-mindbox-krakow-24,21000.0,24150.0,22575.0,False,False
Business Analyst,Mindbox Sp. z o.o.,Kraków,21000  – 24150  PLN,Stakeholder management,/pl/job/business-analyst-mindbox-krakow-24,21000.0,24150.0,22575.0,False,False
Business Systems Analyst III (Salesforce),Box Inc.,Warszawa,19000  PLN,Support,/pl/job/business-systems-analyst-iii-salesforce-box-warsaw,19000.0,,,False,False
Business Systems Analyst III (Salesforce),Box Inc.,Warszawa,19000  PLN,Salesforce,/pl/job/business-systems-analyst-iii-salesforce-box-warsaw,19000.0,,,False,False
Business Systems Analyst III (Salesforce),Box Inc.,Warszawa,19000  PLN,QA,/pl/job/business-systems-analyst-iii-salesforce-box-warsaw,19000.0,,,False,False
Business Systems Analyst III (Salesforce),Box Inc.,Warszawa,19000  PLN,API,/pl/job/business-systems-analyst-iii-salesforce-box-warsaw,19000.0,,,False,False
IT Business Analyst [M/F],Arche Solutions,Zdalnie,15120  – 18480  PLN,Business Analysis,/pl/job/it-business-analyst-m-f-arche-solutions-remote,15120.0,18480.0,16800.0,True,False
IT Business Analyst [M/F],Arche Solutions,Zdalnie,15120  – 18480  PLN,Sparx enterprise architect,/pl/job/it-business-analyst-m-f-arche-solutions-remote,15120.0,18480.0,16800.0,True,False
IT Business Analyst [M/F],Arche Solutions,Zdalnie,15120  – 18480  PLN,polski,/pl/job/it-business-analyst-m-f-arche-solutions-remote,15120.0,18480.0,16800.0,True,False
Business Analyst,Scalo,Warszawa,18480  – 20160  PLN,Data,/pl/job/business-analyst-scalo-warszawa-29,18480.0,20160.0,19320.0,False,True
Business Analyst,Scalo,Warszawa,18480  – 20160  PLN,Jira,/pl/job/business-analyst-scalo-warszawa-29,18480.0,20160.0,19320.0,False,True
Business Analyst,Scalo,Warszawa,18480  – 20160  PLN,Confluence,/pl/job/business-analyst-scalo-warszawa-29,18480.0,20160.0,19320.0,False,True
Business Analyst,Scalo,Warszawa,18480  – 20160  PLN,angielski,/pl/job/business-analyst-scalo-warszawa-29,18480.0,20160.0,19320.0,False,True
Business Analyst,Scalo,Warszawa,18480  – 20160  PLN,Data,/pl/job/business-analyst-scalo-warszawa-28,18480.0,20160.0,19320.0,False,False
Business Analyst,Scalo,Warszawa,18480  – 20160  PLN,Jira,/pl/job/business-analyst-scalo-warszawa-28,18480.0,20160.0,19320.0,False,False
Business Analyst,Scalo,Warszawa,18480  – 20160  PLN,Confluence,/pl/job/business-analyst-scalo-warszawa-28,18480.0,20160.0,19320.0,False,False
Business Analyst,Scalo,Warszawa,18480  – 20160  PLN,CA,/pl/job/business-analyst-scalo-warszawa-28,18480.0,20160.0,19320.0,False,False
Business-System Analyst,Scalo,Warszawa,18480  – 20160  PLN,Data,/pl/job/business-system-analyst-scalo-warszawa-6,18480.0,20160.0,19320.0,False,False
Business-System Analyst,Scalo,Warszawa,18480  – 20160  PLN,Jira,/pl/job/business-system-analyst-scalo-warszawa-6,18480.0,20160.0,19320.0,False,False
Business-System Analyst,Scalo,Warszawa,18480  – 20160  PLN,Confluence,/pl/job/business-system-analyst-scalo-warszawa-6,18480.0,20160.0,19320.0,False,False
Business-System Analyst,Scalo,Warszawa,18480  – 20160  PLN,Axure,/pl/job/business-system-analyst-scalo-warszawa-6,18480.0,20160.0,19320.0,False,False
Senior Business Analyst with SQL,GFT Poland,Łódź,13900  – 21270  PLN,Business Analysis,/pl/job/senior-business-analyst-with-sql-gft-poland-lodz,13900.0,21270.0,17585.0,False,False
Senior Business Analyst with SQL,GFT Poland,Łódź,13900  – 21270  PLN,SQL,/pl/job/senior-business-analyst-with-sql-gft-poland-lodz,13900.0,21270.0,17585.0,False,False
Senior Business Analyst with SQL,GFT Poland,Łódź,13900  – 21270  PLN,Business Analysis,/pl/job/senior-business-analyst-with-sql-gft-poland-lodz,13900.0,21270.0,17585.0,False,False
Senior Business Analyst with SQL,GFT Poland,Łódź,13900  – 21270  PLN,PL/SQL,/pl/job/senior-business-analyst-with-sql-gft-poland-lodz,13900.0,21270.0,17585.0,False,False
Business Analyst,HSBC Technology Poland,Kraków,18000  – 23000  PLN,Business Analysis,/pl/job/business-analyst-hsbc-technology-poland-krakow-4,18000.0,23000.0,20500.0,False,False
Business Analyst,HSBC Technology Poland,Kraków,18000  – 23000  PLN,Counterparty Credit Risk,/pl/job/business-analyst-hsbc-technology-poland-krakow-4,18000.0,23000.0,20500.0,False,False
Business Analyst,HSBC Technology Poland,Kraków,18000  – 23000  PLN,PFE,/pl/job/business-analyst-hsbc-technology-poland-krakow-4,18000.0,23000.0,20500.0,False,False
Business Analyst,HSBC Technology Poland,Kraków,18000  – 23000  PLN,CVA,/pl/job/business-analyst-hsbc-technology-poland-krakow-4,18000.0,23000.0,20500.0,False,False
Senior Business Analyst,Scalo,Warszawa,16800  – 18480  PLN,Business Analysis,/pl/job/senior-business-analyst-scalo-warszawa-5,16800.0,18480.0,17640.0,False,True
Senior Business Analyst,Scalo,Warszawa,16800  – 18480  PLN,Jira,/pl/job/senior-business-analyst-scalo-warszawa-5,16800.0,18480.0,17640.0,False,True
Senior Business Analyst,Scalo,Warszawa,16800  – 18480  PLN,Confluence,/pl/job/senior-business-analyst-scalo-warszawa-5,16800.0,18480.0,17640.0,False,True
Senior Business Analyst,Scalo,Warszawa,16800  – 18480  PLN,angielski,/pl/job/senior-business-analyst-scalo-warszawa-5,16800.0,18480.0,17640.0,False,True
Transformation Business Analyst,Verita HR,Kraków,23000  – 26000  PLN,Business Analysis,/pl/job/transformation-business-analyst-verita-hr-krakow,23000.0,26000.0,24500.0,False,False
Transformation Business Analyst,Verita HR,Kraków,23000  – 26000  PLN,Business Analysis,/pl/job/transformation-business-analyst-verita-hr-krakow,23000.0,26000.0,24500.0,False,False
Transformation Business Analyst,Verita HR,Kraków,23000  – 26000  PLN,Transformation initiatives,/pl/job/transformation-business-analyst-verita-hr-krakow,23000.0,26000.0,24500.0,False,False
Transformation Business Analyst,Verita HR,Kraków,23000  – 26000  PLN,Requirements gathering,/pl/job/transformation-business-analyst-verita-hr-krakow,23000.0,26000.0,24500.0,False,False
Business Analyst,Scalo,Warszawa,23520  – 25200  PLN,Data,/pl/job/business-analyst-scalo-warszawa-24,23520.0,25200.0,24360.0,False,True
Business Analyst,Scalo,Warszawa,23520  – 25200  PLN,angielski,/pl/job/business-analyst-scalo-warszawa-24,23520.0,25200.0,24360.0,False,True
Business Analyst,Scalo,Warszawa,23520  – 25200  PLN,polski,/pl/job/business-analyst-scalo-warszawa-24,23520.0,25200.0,24360.0,False,True
Business & Systems Analyst,PragmaGO.tech Sp. z o.o.,Kraków,10000  – 14500  PLN,Business Analysis,/pl/job/business-systems-analyst-pragmago-tech-krakow,10000.0,14500.0,12250.0,False,False
Business & Systems Analyst,PragmaGO.tech Sp. z o.o.,Kraków,10000  – 14500  PLN,Jira,/pl/job/business-systems-analyst-pragmago-tech-krakow,10000.0,14500.0,12250.0,False,False
Business & Systems Analyst,PragmaGO.tech Sp. z o.o.,Kraków,10000  – 14500  PLN,Confluence,/pl/job/business-systems-analyst-pragmago-tech-krakow,10000.0,14500.0,12250.0,False,False
Business & Systems Analyst,PragmaGO.tech Sp. z o.o.,Kraków,10000  – 14500  PLN,Miro,/pl/job/business-systems-analyst-pragmago-tech-krakow,10000.0,14500.0,12250.0,False,False
Business Analyst,Scalo,Zdalnie,21840  – 25200  PLN,Business Analysis,/pl/job/business-analyst-scalo-remote-7,21840.0,25200.0,23520.0,True,False
Business Analyst,Scalo,Zdalnie,21840  – 25200  PLN,BPMN,/pl/job/business-analyst-scalo-remote-7,21840.0,25200.0,23520.0,True,False
Business Analyst,Scalo,Zdalnie,21840  – 25200  PLN,UML,/pl/job/business-analyst-scalo-remote-7,21840.0,25200.0,23520.0,True,False
Business Analyst with second language (German/Spanish/French/Italian/Polish),Innowise,Warszawa,,Business Analysis,/pl/job/business-analyst-with-second-language-german-spanish-french-italian-polish-innowise-warsaw,,,,False,False
Business Analyst with second language (German/Spanish/French/Italian/Polish),Innowise,Warszawa,,BPMN,/pl/job/business-analyst-with-second-language-german-spanish-french-italian-polish-innowise-warsaw,,,,False,False
Business Analyst with second language (German/Spanish/French/Italian/Polish),Innowise,Warszawa,,User stories,/pl/job/business-analyst-with-second-language-german-spanish-french-italian-polish-innowise-warsaw,,,,False,False
Business Analyst with second language (German/Spanish/French/Italian/Polish),Innowise,Warszawa,,WBS,/pl/job/business-analyst-with-second-language-german-spanish-french-italian-polish-innowise-warsaw,,,,False,False
Business - System Analyst,Scalo,Warszawa,22680  – 24360  PLN,Data,/pl/job/business-system-analyst-scalo-warszawa-5,22680.0,24360.0,23520.0,False,False
Business - System Analyst,Scalo,Warszawa,22680  – 24360  PLN,BPMN,/pl/job/business-system-analyst-scalo-warszawa-5,22680.0,24360.0,23520.0,False,False
Business - System Analyst,Scalo,Warszawa,22680  – 24360  PLN,UML,/pl/job/business-system-analyst-scalo-warszawa-5,22680.0,24360.0,23520.0,False,False
Business - System Analyst,Scalo,Warszawa,22680  – 24360  PLN,UX,/pl/job/business-system-analyst-scalo-warszawa-5,22680.0,24360.0,23520.0,False,False
System Analyst  NOWA,Scalo,Zdalnie,23520  – 25200  PLN,Data,/pl/job/system-analyst-scalo-remote-55,23520.0,25200.0,24360.0,True,False
System Analyst  NOWA,Scalo,Zdalnie,23520  – 25200  PLN,Sparx Enterprise Architect,/pl/job/system-analyst-scalo-remote-55,23520.0,25200.0,24360.0,True,False
System Analyst  NOWA,Scalo,Zdalnie,23520  – 25200  PLN,SQL,/pl/job/system-analyst-scalo-remote-55,23520.0,25200.0,24360.0,True,False
System Analyst  NOWA,Scalo,Zdalnie,23520  – 25200  PLN,PostgreSQL,/pl/job/system-analyst-scalo-remote-55,23520.0,25200.0,24360.0,True,False
System Analyst  NOWA,Scalo,Warszawa,24360  – 26040  PLN,Data,/pl/job/system-analyst-scalo-warszawa-42,24360.0,26040.0,25200.0,False,False
System Analyst  NOWA,Scalo,Warszawa,24360  – 26040  PLN,UML,/pl/job/system-analyst-scalo-warszawa-42,24360.0,26040.0,25200.0,False,False
System Analyst  NOWA,Scalo,Warszawa,24360  – 26040  PLN,BPMN,/pl/job/system-analyst-scalo-warszawa-42,24360.0,26040.0,25200.0,False,False
System Analyst  NOWA,Scalo,Warszawa,24360  – 26040  PLN,REST API,/pl/job/system-analyst-scalo-warszawa-42,24360.0,26040.0,25200.0,False,False
Specjalista ds. sprawozdawczości i analiz w grupie kapitałowej (K/M)  NOWA,Audit HR,Poznań,8000  – 14000  PLN,Finanse,/pl/job/specjalista-ds-sprawozdawczosci-i-analiz-w-grupie-kapitalowej-k-m-audit-hr-poznan,8000.0,14000.0,11000.0,False,True
Specjalista ds. sprawozdawczości i analiz w grupie kapitałowej (K/M)  NOWA,Audit HR,Poznań,8000  – 14000  PLN,MS Office,/pl/job/specjalista-ds-sprawozdawczosci-i-analiz-w-grupie-kapitalowej-k-m-audit-hr-poznan,8000.0,14000.0,11000.0,False,True
Specjalista ds. sprawozdawczości i analiz w grupie kapitałowej (K/M)  NOWA,Audit HR,Poznań,8000  – 14000  PLN,MS Excel,/pl/job/specjalista-ds-sprawozdawczosci-i-analiz-w-grupie-kapitalowej-k-m-audit-hr-poznan,8000.0,14000.0,11000.0,False,True
Specjalista ds. sprawozdawczości i analiz w grupie kapitałowej (K/M)  NOWA,Audit HR,Poznań,8000  – 14000  PLN,angielski,/pl/job/specjalista-ds-sprawozdawczosci-i-analiz-w-grupie-kapitalowej-k-m-audit-hr-poznan,8000.0,14000.0,11000.0,False,True
Senior System Analyst - AI & Integration  NOWA,Devire,Zdalnie,,Business Analysis,/pl/job/senior-system-analyst-ai-integration-devire-remote,,,,True,False
Senior System Analyst - AI & Integration  NOWA,Devire,Zdalnie,,Analiza systemowa,/pl/job/senior-system-analyst-ai-integration-devire-remote,,,,True,False
Senior System Analyst - AI & Integration  NOWA,Devire,Zdalnie,,REST API,/pl/job/senior-system-analyst-ai-integration-devire-remote,,,,True,False
Senior System Analyst - AI & Integration  NOWA,Devire,Zdalnie,,Git,/pl/job/senior-system-analyst-ai-integration-devire-remote,,,,True,False
System Analyst  NOWA,Scalo,Warszawa,21840  – 23520  PLN,Data,/pl/job/system-analyst-scalo-warszawa-41,21840.0,23520.0,22680.0,False,False
System Analyst  NOWA,Scalo,Warszawa,21840  – 23520  PLN,Kafka,/pl/job/system-analyst-scalo-warszawa-41,21840.0,23520.0,22680.0,False,False
System Analyst  NOWA,Scalo,Warszawa,21840  – 23520  PLN,JSON,/pl/job/system-analyst-scalo-warszawa-41,21840.0,23520.0,22680.0,False,False
System Analyst  NOWA,Scalo,Warszawa,21840  – 23520  PLN,UML,/pl/job/system-analyst-scalo-warszawa-41,21840.0,23520.0,22680.0,False,False
Specjalista ds. automatyzacji i optymalizacji procesów e-commerce (k/m)  NOWA,MODIVO PLATFORM,Warszawa,,Marketing,/pl/job/specjalista-ds-automatyzacji-i-optymalizacji-procesow-e-commerce-k-m-modivo-platform-warszawa,,,,False,False
Specjalista ds. automatyzacji i optymalizacji procesów e-commerce (k/m)  NOWA,MODIVO PLATFORM,Warszawa,,Synerise,/pl/job/specjalista-ds-automatyzacji-i-optymalizacji-procesow-e-commerce-k-m-modivo-platform-warszawa,,,,False,False
Specjalista ds. automatyzacji i optymalizacji procesów e-commerce (k/m)  NOWA,MODIVO PLATFORM,Warszawa,,PIM,/pl/job/specjalista-ds-automatyzacji-i-optymalizacji-procesow-e-commerce-k-m-modivo-platform-warszawa,,,,False,False
Specjalista ds. automatyzacji i optymalizacji procesów e-commerce (k/m)  NOWA,MODIVO PLATFORM,Warszawa,,XML,/pl/job/specjalista-ds-automatyzacji-i-optymalizacji-procesow-e-commerce-k-m-modivo-platform-warszawa,,,,False,False
Senior System Analyst  NOWA,Antal,Zdalnie,,Business Analysis,/pl/job/senior-system-analyst-antal-remote,,,,True,False
Senior System Analyst  NOWA,Antal,Zdalnie,,DORA,/pl/job/senior-system-analyst-antal-remote,,,,True,False
Senior System Analyst  NOWA,Antal,Zdalnie,,NIS2,/pl/job/senior-system-analyst-antal-remote,,,,True,False
Senior System Analyst  NOWA,Antal,Zdalnie,,ISO,/pl/job/senior-system-analyst-antal-remote,,,,True,False
System Analyst  NOWA,Scalo,Warszawa,16800  – 18480  PLN,Data,/pl/job/system-analyst-scalo-warszawa-36,16800.0,18480.0,17640.0,False,False
System Analyst  NOWA,Scalo,Warszawa,16800  – 18480  PLN,XML,/pl/job/system-analyst-scalo-warszawa-36,16800.0,18480.0,17640.0,False,False
System Analyst  NOWA,Scalo,Warszawa,16800  – 18480  PLN,JSON,/pl/job/system-analyst-scalo-warszawa-36,16800.0,18480.0,17640.0,False,False
System Analyst  NOWA,Scalo,Warszawa,16800  – 18480  PLN,REST API,/pl/job/system-analyst-scalo-warszawa-36,16800.0,18480.0,17640.0,False,False
Technology Reporting Analyst - Automation & Innovation Department  NOWA,T-Mobile Polska,Warszawa,,Business Intelligence,/pl/job/technology-reporting-analyst-automation-innovation-department-t-mobile-polska-warszawa-2,,,,False,False
Technology Reporting Analyst - Automation & Innovation Department  NOWA,T-Mobile Polska,Warszawa,,BI,/pl/job/technology-reporting-analyst-automation-innovation-department-t-mobile-polska-warszawa-2,,,,False,False
Technology Reporting Analyst - Automation & Innovation Department  NOWA,T-Mobile Polska,Warszawa,,Power BI,/pl/job/technology-reporting-analyst-automation-innovation-department-t-mobile-polska-warszawa-2,,,,False,False
Technology Reporting Analyst - Automation & Innovation Department  NOWA,T-Mobile Polska,Warszawa,,SQL,/pl/job/technology-reporting-analyst-automation-innovation-department-t-mobile-polska-warszawa-2,,,,False,False
System Analyst  NOWA,Scalo,Poznań,21840  – 23520  PLN,Data,/pl/job/system-analyst-scalo-poznan-29,21840.0,23520.0,22680.0,False,False
System Analyst  NOWA,Scalo,Poznań,21840  – 23520  PLN,Jira,/pl/job/system-analyst-scalo-poznan-29,21840.0,23520.0,22680.0,False,False
System Analyst  NOWA,Scalo,Poznań,21840  – 23520  PLN,Confluence,/pl/job/system-analyst-scalo-poznan-29,21840.0,23520.0,22680.0,False,False
System Analyst  NOWA,Scalo,Poznań,21840  – 23520  PLN,GitLab,/pl/job/system-analyst-scalo-poznan-29,21840.0,23520.0,22680.0,False,False
System Analyst,Scalo,Warszawa,23520  – 25200  PLN,Data,/pl/job/system-analyst-scalo-warszawa-39,23520.0,25200.0,24360.0,False,False
System Analyst,Scalo,Warszawa,23520  – 25200  PLN,UML,/pl/job/system-analyst-scalo-warszawa-39,23520.0,25200.0,24360.0,False,False
System Analyst,Scalo,Warszawa,23520  – 25200  PLN,BPMN,/pl/job/system-analyst-scalo-warszawa-39,23520.0,25200.0,24360.0,False,False
System Analyst,Scalo,Warszawa,23520  – 25200  PLN,RabbitMQ,/pl/job/system-analyst-scalo-warszawa-39,23520.0,25200.0,24360.0,False,False
System Analyst,Scalo,Warszawa,21840  – 23520  PLN,Data,/pl/job/system-analyst-scalo-warszawa-38,21840.0,23520.0,22680.0,False,False
System Analyst,Scalo,Warszawa,21840  – 23520  PLN,UML,/pl/job/system-analyst-scalo-warszawa-38,21840.0,23520.0,22680.0,False,False
System Analyst,Scalo,Warszawa,21840  – 23520  PLN,BPMN,/pl/job/system-analyst-scalo-warszawa-38,21840.0,23520.0,22680.0,False,False
System Analyst,Scalo,Warszawa,21840  – 23520  PLN,REST API,/pl/job/system-analyst-scalo-warszawa-38,21840.0,23520.0,22680.0,False,False
System Analyst,Scalo,Zdalnie,16800  – 18480  PLN,Data,/pl/job/system-analyst-scalo-remote-50,16800.0,18480.0,17640.0,True,False
System Analyst,Scalo,Zdalnie,16800  – 18480  PLN,SQL,/pl/job/system-analyst-scalo-remote-50,16800.0,18480.0,17640.0,True,False
System Analyst,Scalo,Zdalnie,16800  – 18480  PLN,REST API,/pl/job/system-analyst-scalo-remote-50,16800.0,18480.0,17640.0,True,False
System Analyst,Scalo,Zdalnie,16800  – 18480  PLN,R,/pl/job/system-analyst-scalo-remote-50,16800.0,18480.0,17640.0,True,False
System Analyst,Link Group,Zdalnie,18000  – 22500  PLN,Business Analysis,/pl/job/system-analyst-link-group-remote-2,18000.0,22500.0,20250.0,True,False
System Analyst,Link Group,Zdalnie,18000  – 22500  PLN,BPMN,/pl/job/system-analyst-link-group-remote-2,18000.0,22500.0,20250.0,True,False
System Analyst,Link Group,Zdalnie,18000  – 22500  PLN,UML,/pl/job/system-analyst-link-group-remote-2,18000.0,22500.0,20250.0,True,False
System Analyst,Link Group,Zdalnie,18000  – 22500  PLN,SQL,/pl/job/system-analyst-link-group-remote-2,18000.0,22500.0,20250.0,True,False
Senior Application Support Specialist,Antal,Warszawa,,Support,/pl/job/senior-application-support-specialist-antal-warszawa,,,,False,False
Senior Application Support Specialist,Antal,Warszawa,,Application Support,/pl/job/senior-application-support-specialist-antal-warszawa,,,,False,False
Senior Application Support Specialist,Antal,Warszawa,,Technical Support,/pl/job/senior-application-support-specialist-antal-warszawa,,,,False,False
Senior Application Support Specialist,Antal,Warszawa,,Production Support,/pl/job/senior-application-support-specialist-antal-warszawa,,,,False,False
System Analyst,Scalo,Zdalnie,21840  – 23520  PLN,Data,/pl/job/system-analyst-scalo-remote-54,21840.0,23520.0,22680.0,True,False
System Analyst,Scalo,Zdalnie,21840  – 23520  PLN,UML,/pl/job/system-analyst-scalo-remote-54,21840.0,23520.0,22680.0,True,False
System Analyst,Scalo,Zdalnie,21840  – 23520  PLN,BPMN,/pl/job/system-analyst-scalo-remote-54,21840.0,23520.0,22680.0,True,False
System Analyst,Scalo,Zdalnie,21840  – 23520  PLN,SQL,/pl/job/system-analyst-scalo-remote-54,21840.0,23520.0,22680.0,True,False
Analityk/-czka Systemowo-Biznesowy/-a - Salesforce Sales Cloud (B2B),T-Mobile Polska,Warszawa,,Business Analysis,/pl/job/analityk-czka-systemowo-biznesowy-a-salesforce-sales-cloud-b2b-t-mobile-polska-warszawa,,,,False,False
Analityk/-czka Systemowo-Biznesowy/-a - Salesforce Sales Cloud (B2B),T-Mobile Polska,Warszawa,,Salesforce,/pl/job/analityk-czka-systemowo-biznesowy-a-salesforce-sales-cloud-b2b-t-mobile-polska-warszawa,,,,False,False
Analityk/-czka Systemowo-Biznesowy/-a - Salesforce Sales Cloud (B2B),T-Mobile Polska,Warszawa,,Cloud,/pl/job/analityk-czka-systemowo-biznesowy-a-salesforce-sales-cloud-b2b-t-mobile-polska-warszawa,,,,False,False
Analityk/-czka Systemowo-Biznesowy/-a - Salesforce Sales Cloud (B2B),T-Mobile Polska,Warszawa,,OSI,/pl/job/analityk-czka-systemowo-biznesowy-a-salesforce-sales-cloud-b2b-t-mobile-polska-warszawa,,,,False,False
IT System Analyst (Senior),Sieć Badawcza Łukasiewicz - Poznański Instytut Technologiczny,Poznań,,Business Analysis,/pl/job/it-system-analyst-senior-siec-badawcza-lukasiewicz-poznanski-instytut-technologiczny-poznan,,,,False,False
IT System Analyst (Senior),Sieć Badawcza Łukasiewicz - Poznański Instytut Technologiczny,Poznań,,UML,/pl/job/it-system-analyst-senior-siec-badawcza-lukasiewicz-poznanski-instytut-technologiczny-poznan,,,,False,False
IT System Analyst (Senior),Sieć Badawcza Łukasiewicz - Poznański Instytut Technologiczny,Poznań,,Enterprise Architect,/pl/job/it-system-analyst-senior-siec-badawcza-lukasiewicz-poznanski-instytut-technologiczny-poznan,,,,False,False
IT System Analyst (Senior),Sieć Badawcza Łukasiewicz - Poznański Instytut Technologiczny,Poznań,,System analysis,/pl/job/it-system-analyst-senior-siec-badawcza-lukasiewicz-poznanski-instytut-technologiczny-poznan,,,,False,False
System Analyst,Scalo,Zdalnie,23520  – 25200  PLN,Data,/pl/job/system-analyst-scalo-remote-52,23520.0,25200.0,24360.0,True,False
System Analyst,Scalo,Zdalnie,23520  – 25200  PLN,UML,/pl/job/system-analyst-scalo-remote-52,23520.0,25200.0,24360.0,True,False
System Analyst,Scalo,Zdalnie,23520  – 25200  PLN,BPMN,/pl/job/system-analyst-scalo-remote-52,23520.0,25200.0,24360.0,True,False
System Analyst,Scalo,Zdalnie,23520  – 25200  PLN,PostgreSQL,/pl/job/system-analyst-scalo-remote-52,23520.0,25200.0,24360.0,True,False
System Analyst,Scalo,Warszawa,16800  – 18480  PLN,Data,/pl/job/system-analyst-scalo-warszawa-43,16800.0,18480.0,17640.0,False,False
System Analyst,Scalo,Warszawa,16800  – 18480  PLN,Data pipelines,/pl/job/system-analyst-scalo-warszawa-43,16800.0,18480.0,17640.0,False,False
System Analyst,Scalo,Warszawa,16800  – 18480  PLN,SQL,/pl/job/system-analyst-scalo-warszawa-43,16800.0,18480.0,17640.0,False,False
System Analyst,Scalo,Warszawa,16800  – 18480  PLN,GCP,/pl/job/system-analyst-scalo-warszawa-43,16800.0,18480.0,17640.0,False,False
System Analyst,Diverse CG Sp. z o.o. Sp.k.,Zdalnie,23520  – 26040  PLN,Business Analysis,/pl/job/system-analyst-diverse-cg-sp-k--remote,23520.0,26040.0,24780.0,True,True
System Analyst,Diverse CG Sp. z o.o. Sp.k.,Zdalnie,23520  – 26040  PLN,System analysis,/pl/job/system-analyst-diverse-cg-sp-k--remote,23520.0,26040.0,24780.0,True,True
System Analyst,Diverse CG Sp. z o.o. Sp.k.,Zdalnie,23520  – 26040  PLN,UML,/pl/job/system-analyst-diverse-cg-sp-k--remote,23520.0,26040.0,24780.0,True,True
System Analyst,Diverse CG Sp. z o.o. Sp.k.,Zdalnie,23520  – 26040  PLN,angielski,/pl/job/system-analyst-diverse-cg-sp-k--remote,23520.0,26040.0,24780.0,True,True
AR & Cash Application Specialist,Antal,Warszawa,,Finanse,/pl/job/ar-cash-application-specialist-antal-warszawa,,,,False,False
AR & Cash Application Specialist,Antal,Warszawa,,Accounting,/pl/job/ar-cash-application-specialist-antal-warszawa,,,,False,False
AR & Cash Application Specialist,Antal,Warszawa,,Audit,/pl/job/ar-cash-application-specialist-antal-warszawa,,,,False,False
AR & Cash Application Specialist,Antal,Warszawa,,MS Excel,/pl/job/ar-cash-application-specialist-antal-warszawa,,,,False,False
System Analyst,Scalo,Zdalnie,16800  – 18480  PLN,Data,/pl/job/system-analyst-scalo-remote-46,16800.0,18480.0,17640.0,True,False
System Analyst,Scalo,Zdalnie,16800  – 18480  PLN,SQL,/pl/job/system-analyst-scalo-remote-46,16800.0,18480.0,17640.0,True,False
System Analyst,Scalo,Zdalnie,16800  – 18480  PLN,REST API,/pl/job/system-analyst-scalo-remote-46,16800.0,18480.0,17640.0,True,False
System Analyst,Scalo,Zdalnie,16800  – 18480  PLN,Excel,/pl/job/system-analyst-scalo-remote-46,16800.0,18480.0,17640.0,True,False
Application Specialist Intern - Customer Data Management - TalentBank 2026,CommerzBank,Łódź,5200  PLN,Data,/pl/job/application-specialist-intern-customer-data-management-talentbank-2026-commerzbank-lodz,5200.0,,,False,False
Application Specialist Intern - Customer Data Management - TalentBank 2026,CommerzBank,Łódź,5200  PLN,DevOps,/pl/job/application-specialist-intern-customer-data-management-talentbank-2026-commerzbank-lodz,5200.0,,,False,False
Application Specialist Intern - Customer Data Management - TalentBank 2026,CommerzBank,Łódź,5200  PLN,Dynatrace,/pl/job/application-specialist-intern-customer-data-management-talentbank-2026-commerzbank-lodz,5200.0,,,False,False
Application Specialist Intern - Customer Data Management - TalentBank 2026,CommerzBank,Łódź,5200  PLN,Kibana,/pl/job/application-specialist-intern-customer-data-management-talentbank-2026-commerzbank-lodz,5200.0,,,False,False
Application Specialist Intern - Payment Transactions - TalentBank 2026,CommerzBank,Łódź,,Backend,/pl/job/application-specialist-intern-payment-transactions-talentbank-2026-commerzbank-lodz,,,,False,False
Application Specialist Intern - Payment Transactions - TalentBank 2026,CommerzBank,Łódź,,Unix,/pl/job/application-specialist-intern-payment-transactions-talentbank-2026-commerzbank-lodz,,,,False,False
Application Specialist Intern - Payment Transactions - TalentBank 2026,CommerzBank,Łódź,,SQL,/pl/job/application-specialist-intern-payment-transactions-talentbank-2026-commerzbank-lodz,,,,False,False
Application Specialist Intern - Payment Transactions - TalentBank 2026,CommerzBank,Łódź,,Linux,/pl/job/application-specialist-intern-payment-transactions-talentbank-2026-commerzbank-lodz,,,,False,False
System Analyst – sektor bankowy (f/m/x),Sii Polska,Zdalnie,18000  – 23000  PLN,Business Analysis,/pl/job/system-analyst-sektor-bankowy-f-m-x-sii-polska-remote-2,18000.0,23000.0,20500.0,True,False
System Analyst – sektor bankowy (f/m/x),Sii Polska,Zdalnie,18000  – 23000  PLN,UML,/pl/job/system-analyst-sektor-bankowy-f-m-x-sii-polska-remote-2,18000.0,23000.0,20500.0,True,False
System Analyst – sektor bankowy (f/m/x),Sii Polska,Zdalnie,18000  – 23000  PLN,BPMN,/pl/job/system-analyst-sektor-bankowy-f-m-x-sii-polska-remote-2,18000.0,23000.0,20500.0,True,False
System Analyst – sektor bankowy (f/m/x),Sii Polska,Zdalnie,18000  – 23000  PLN,Sparx Systems Enterprise Architect,/pl/job/system-analyst-sektor-bankowy-f-m-x-sii-polska-remote-2,18000.0,23000.0,20500.0,True,False
Cash Application Specialist with Spanish (6-month contract),Antal,Warszawa,14000  – 15000  PLN,Finanse,/pl/job/cash-application-specialist-with-spanish-6-month-contract-antal-warszawa,14000.0,15000.0,14500.0,False,False
Cash Application Specialist with Spanish (6-month contract),Antal,Warszawa,14000  – 15000  PLN,Cash application,/pl/job/cash-application-specialist-with-spanish-6-month-contract-antal-warszawa,14000.0,15000.0,14500.0,False,False
Cash Application Specialist with Spanish (6-month contract),Antal,Warszawa,14000  – 15000  PLN,Accounts receivable,/pl/job/cash-application-specialist-with-spanish-6-month-contract-antal-warszawa,14000.0,15000.0,14500.0,False,False
Cash Application Specialist with Spanish (6-month contract),Antal,Warszawa,14000  – 15000  PLN,ERP,/pl/job/cash-application-specialist-with-spanish-6-month-contract-antal-warszawa,14000.0,15000.0,14500.0,False,False
System Analyst,Scalo,Zdalnie,23520  – 25200  PLN,Data,/pl/job/system-analyst-scalo-remote-53,23520.0,25200.0,24360.0,True,False
System Analyst,Scalo,Zdalnie,23520  – 25200  PLN,API,/pl/job/system-analyst-scalo-remote-53,23520.0,25200.0,24360.0,True,False
System Analyst,Scalo,Zdalnie,23520  – 25200  PLN,REST API,/pl/job/system-analyst-scalo-remote-53,23520.0,25200.0,24360.0,True,False
System Analyst,Scalo,Zdalnie,23520  – 25200  PLN,Kafka,/pl/job/system-analyst-scalo-remote-53,23520.0,25200.0,24360.0,True,False
System Analyst,Scalo,Poznań,22680  – 24360  PLN,Data,/pl/job/system-analyst-scalo-poznan-28,22680.0,24360.0,23520.0,False,False
System Analyst,Scalo,Poznań,22680  – 24360  PLN,Enterprise Architect,/pl/job/system-analyst-scalo-poznan-28,22680.0,24360.0,23520.0,False,False
System Analyst,Scalo,Poznań,22680  – 24360  PLN,UML,/pl/job/system-analyst-scalo-poznan-28,22680.0,24360.0,23520.0,False,False
System Analyst,Scalo,Poznań,22680  – 24360  PLN,BPMN,/pl/job/system-analyst-scalo-poznan-28,22680.0,24360.0,23520.0,False,False
Domain Product Owner (Healthcare)  NOWA,drEryk,Zdalnie,12000  – 16000  PLN,Product Management,/pl/job/domain-product-owner-healthcare-dreryk-remote,12000.0,16000.0,14000.0,True,False
Domain Product Owner (Healthcare)  NOWA,drEryk,Zdalnie,12000  – 16000  PLN,Healthcare IT,/pl/job/domain-product-owner-healthcare-dreryk-remote,12000.0,16000.0,14000.0,True,False
Domain Product Owner (Healthcare)  NOWA,drEryk,Zdalnie,12000  – 16000  PLN,Agile,/pl/job/domain-product-owner-healthcare-dreryk-remote,12000.0,16000.0,14000.0,True,False
Domain Product Owner (Healthcare)  NOWA,drEryk,Zdalnie,12000  – 16000  PLN,Business Analysis,/pl/job/domain-product-owner-healthcare-dreryk-remote-1,12000.0,16000.0,14000.0,True,False
Domain Product Owner (Healthcare)  NOWA,drEryk,Zdalnie,12000  – 16000  PLN,Healthcare IT,/pl/job/domain-product-owner-healthcare-dreryk-remote-1,12000.0,16000.0,14000.0,True,False
Domain Product Owner (Healthcare)  NOWA,drEryk,Zdalnie,12000  – 16000  PLN,Agile,/pl/job/domain-product-owner-healthcare-dreryk-remote-1,12000.0,16000.0,14000.0,True,False
Project Manager - Microsoft Dynamics 365 Finance & Operations  NOWA,Square One Resources,Zdalnie,33600  – 40320  PLN,Project Manager,/pl/job/project-manager-microsoft-dynamics-365-finance-operations-square-one-resources-remote,33600.0,40320.0,36960.0,True,False
Project Manager - Microsoft Dynamics 365 Finance & Operations  NOWA,Square One Resources,Zdalnie,33600  – 40320  PLN,Microsoft Dynamics 365,/pl/job/project-manager-microsoft-dynamics-365-finance-operations-square-one-resources-remote,33600.0,40320.0,36960.0,True,False
Project Manager - Microsoft Dynamics 365 Finance & Operations  NOWA,Square One Resources,Zdalnie,33600  – 40320  PLN,AR,/pl/job/project-manager-microsoft-dynamics-365-finance-operations-square-one-resources-remote,33600.0,40320.0,36960.0,True,False
QA and SDLC Control Analyst  NOWA,Mindbox Sp. z o.o.,Kraków,23100  – 29400  PLN,Business Analysis,/pl/job/qa-and-sdlc-control-analyst-mindbox-krakow,23100.0,29400.0,26250.0,False,False
QA and SDLC Control Analyst  NOWA,Mindbox Sp. z o.o.,Kraków,23100  – 29400  PLN,SDLC,/pl/job/qa-and-sdlc-control-analyst-mindbox-krakow,23100.0,29400.0,26250.0,False,False
QA and SDLC Control Analyst  NOWA,Mindbox Sp. z o.o.,Kraków,23100  – 29400  PLN,QA,/pl/job/qa-and-sdlc-control-analyst-mindbox-krakow,23100.0,29400.0,26250.0,False,False
Implementation Manager,Talent Flow,Warszawa,,Product Management,/pl/job/implementation-manager-talent-flow-warszawa,,,,False,False
Implementation Manager,Talent Flow,Warszawa,,Product owner,/pl/job/implementation-manager-talent-flow-warszawa,,,,False,False
Implementation Manager,Talent Flow,Warszawa,,Vms,/pl/job/implementation-manager-talent-flow-warszawa,,,,False,False
Control Analyst,Mindbox Sp. z o.o.,Kraków,25200  – 29400  PLN,Data,/pl/job/control-analyst-mindbox-krakow,25200.0,29400.0,27300.0,False,False
Control Analyst,Mindbox Sp. z o.o.,Kraków,25200  – 29400  PLN,Audits,/pl/job/control-analyst-mindbox-krakow,25200.0,29400.0,27300.0,False,False
Control Analyst,Mindbox Sp. z o.o.,Kraków,25200  – 29400  PLN,Excel,/pl/job/control-analyst-mindbox-krakow,25200.0,29400.0,27300.0,False,False
Cyber SDLC Governance Analyst,Antal,Kraków,,Business Analysis,/pl/job/cyber-sdlc-governance-analyst-antal-krakow,,,,False,False
Cyber SDLC Governance Analyst,Antal,Kraków,,IT Control Analyst,/pl/job/cyber-sdlc-governance-analyst-antal-krakow,,,,False,False
Cyber SDLC Governance Analyst,Antal,Kraków,,Change Analyst,/pl/job/cyber-sdlc-governance-analyst-antal-krakow,,,,False,False
Project Manager,Mindbox Sp. z o.o.,Kraków,21000  – 25200  PLN,Project Manager,/pl/job/project-manager-mindbox-krakow-4,21000.0,25200.0,23100.0,False,False
Project Manager,Mindbox Sp. z o.o.,Kraków,21000  – 25200  PLN,Business Analysis,/pl/job/project-manager-mindbox-krakow-4,21000.0,25200.0,23100.0,False,False
Project Manager,Mindbox Sp. z o.o.,Kraków,21000  – 25200  PLN,SLA,/pl/job/project-manager-mindbox-krakow-4,21000.0,25200.0,23100.0,False,False
Murex Front Office / Risk Consultant | Poland,Deloitte,Gdańsk,,ERP,/pl/job/murex-front-office-risk-consultant-poland-deloitte-gdansk,,,,False,False
Murex Front Office / Risk Consultant | Poland,Deloitte,Gdańsk,,Confluence,/pl/job/murex-front-office-risk-consultant-poland-deloitte-gdansk,,,,False,False
Murex Front Office / Risk Consultant | Poland,Deloitte,Gdańsk,,Degree,/pl/job/murex-front-office-risk-consultant-poland-deloitte-gdansk,,,,False,False
AI Project Manager,Verita HR,Kraków,23100  – 26250  PLN,Project Manager,/pl/job/ai-project-manager-verita-hr-krakow-1,23100.0,26250.0,24675.0,False,False
AI Project Manager,Verita HR,Kraków,23100  – 26250  PLN,Waterfall,/pl/job/ai-project-manager-verita-hr-krakow-1,23100.0,26250.0,24675.0,False,False
AI Project Manager,Verita HR,Kraków,23100  – 26250  PLN,Agile,/pl/job/ai-project-manager-verita-hr-krakow-1,23100.0,26250.0,24675.0,False,False
Senior Power Platform Developer,"AVENGA (Agencja Pracy, nr KRAZ: 8448)",Wrocław,24600  – 28600  PLN,Backend,/pl/job/senior-power-platform-developer-avenga-agencja-pracy-nr-kraz-8448-wroclaw,24600.0,28600.0,26600.0,False,False
Senior Power Platform Developer,"AVENGA (Agencja Pracy, nr KRAZ: 8448)",Wrocław,24600  – 28600  PLN,Power Platform,/pl/job/senior-power-platform-developer-avenga-agencja-pracy-nr-kraz-8448-wroclaw,24600.0,28600.0,26600.0,False,False
Senior Power Platform Developer,"AVENGA (Agencja Pracy, nr KRAZ: 8448)",Wrocław,24600  – 28600  PLN,Stakeholder management,/pl/job/senior-power-platform-developer-avenga-agencja-pracy-nr-kraz-8448-wroclaw,24600.0,28600.0,26600.0,False,False
Senior Test Automation Engineer with Python,DCG,Warszawa,21840  – 26040  PLN,Testing,/pl/job/senior-test-automation-engineer-with-python-dcg-warszawa,21840.0,26040.0,23940.0,False,False
Senior Test Automation Engineer with Python,DCG,Warszawa,21840  – 26040  PLN,Python,/pl/job/senior-test-automation-engineer-with-python-dcg-warszawa,21840.0,26040.0,23940.0,False,False
Senior Test Automation Engineer with Python,DCG,Warszawa,21840  – 26040  PLN,Test automation,/pl/job/senior-test-automation-engineer-with-python-dcg-warszawa,21840.0,26040.0,23940.0,False,False
Business Development Manager – Agentic AI (Kraków / Wadowice),Blue Language Labs Inc.,Kraków,20000  PLN,Sprzedaż,/pl/job/business-development-manager-agentic-ai-krakow-wadowice-blue-language-labs-krakow,20000.0,,,False,False
Business Development Manager – Agentic AI (Kraków / Wadowice),Blue Language Labs Inc.,Kraków,20000  PLN,Business Development,/pl/job/business-development-manager-agentic-ai-krakow-wadowice-blue-language-labs-krakow,20000.0,,,False,False
Business Development Manager – Agentic AI (Kraków / Wadowice),Blue Language Labs Inc.,Kraków,20000  PLN,Implementation Consulting,/pl/job/business-development-manager-agentic-ai-krakow-wadowice-blue-language-labs-krakow,20000.0,,,False,False
Data Solution Designer with Python,DCG,Gdynia,,Data,/pl/job/data-solution-designer-with-python-dcg-gdynia,,,,False,False
Data Solution Designer with Python,DCG,Gdynia,,Python,/pl/job/data-solution-designer-with-python-dcg-gdynia,,,,False,False
Data Solution Designer with Python,DCG,Gdynia,,SQL,/pl/job/data-solution-designer-with-python-dcg-gdynia,,,,False,False
Project Manager  NOWA,Mindbox Sp. z o.o.,Kraków,21000  – 27300  PLN,Project Manager,/pl/job/project-manager-mindbox-krakow-5,21000.0,27300.0,24150.0,False,False
Project Manager  NOWA,Mindbox Sp. z o.o.,Kraków,21000  – 27300  PLN,Testing,/pl/job/project-manager-mindbox-krakow-5,21000.0,27300.0,24150.0,False,False
Project Manager  NOWA,Mindbox Sp. z o.o.,Kraków,21000  – 27300  PLN,Communication skills,/pl/job/project-manager-mindbox-krakow-5,21000.0,27300.0,24150.0,False,False
Lead Salesforce Consultant,SoftServe,Zdalnie,,ERP,/pl/job/lead-salesforce-consultant-softserve-remote,,,,True,False
Lead Salesforce Consultant,SoftServe,Zdalnie,,Salesforce,/pl/job/lead-salesforce-consultant-softserve-remote,,,,True,False
Lead Salesforce Consultant,SoftServe,Zdalnie,,Cloud,/pl/job/lead-salesforce-consultant-softserve-remote,,,,True,False
Junior Business Analyst,"AVENGA (Agencja Pracy, nr KRAZ: 8448)",Warszawa,9240  – 10080  PLN,Business Analysis,/pl/job/junior-business-analyst-avenga-agencja-pracy-nr-kraz-8448-warsaw-1,9240.0,10080.0,9660.0,False,False
Junior Business Analyst,"AVENGA (Agencja Pracy, nr KRAZ: 8448)",Warszawa,9240  – 10080  PLN,Jira,/pl/job/junior-business-analyst-avenga-agencja-pracy-nr-kraz-8448-warsaw-1,9240.0,10080.0,9660.0,False,False
Junior Business Analyst,"AVENGA (Agencja Pracy, nr KRAZ: 8448)",Warszawa,9240  – 10080  PLN,Confluence,/pl/job/junior-business-analyst-avenga-agencja-pracy-nr-kraz-8448-warsaw-1,9240.0,10080.0,9660.0,False,False
Junior Business Analyst,"AVENGA (Agencja Pracy, nr KRAZ: 8448)",Warszawa,9240  – 10080  PLN,Excel,/pl/job/junior-business-analyst-avenga-agencja-pracy-nr-kraz-8448-warsaw-1,9240.0,10080.0,9660.0,False,False
Business Systems Analyst,Connectis_,Warszawa,18144  – 18480  PLN,Business Analysis,/pl/job/business-systems-analyst-connectis--warszawa,18144.0,18480.0,18312.0,False,False
Business Systems Analyst,Connectis_,Warszawa,18144  – 18480  PLN,Jira,/pl/job/business-systems-analyst-connectis--warszawa,18144.0,18480.0,18312.0,False,False
Business Systems Analyst,Connectis_,Warszawa,18144  – 18480  PLN,Confluence,/pl/job/business-systems-analyst-connectis--warszawa,18144.0,18480.0,18312.0,False,False
Business Systems Analyst,Connectis_,Warszawa,18144  – 18480  PLN,UML,/pl/job/business-systems-analyst-connectis--warszawa,18144.0,18480.0,18312.0,False,False
Business Analyst,Link Group,Zdalnie,18480  – 21840  PLN,Business Analysis,/pl/job/business-analyst-link-group-remote-16,18480.0,21840.0,20160.0,True,False
Business Analyst,Link Group,Zdalnie,18480  – 21840  PLN,Business Analysis,/pl/job/business-analyst-link-group-remote-16,18480.0,21840.0,20160.0,True,False
Business Analyst,Link Group,Zdalnie,18480  – 21840  PLN,BPMN,/pl/job/business-analyst-link-group-remote-16,18480.0,21840.0,20160.0,True,False
Business Analyst,Link Group,Zdalnie,18480  – 21840  PLN,COTS,/pl/job/business-analyst-link-group-remote-16,18480.0,21840.0,20160.0,True,False
Senior Business Analyst,Mindbox Sp. z o.o.,Kraków,22050  – 25200  PLN,Data,/pl/job/senior-business-analyst-mindbox-krakow-8,22050.0,25200.0,23625.0,False,False
Senior Business Analyst,Mindbox Sp. z o.o.,Kraków,22050  – 25200  PLN,Data analysis,/pl/job/senior-business-analyst-mindbox-krakow-8,22050.0,25200.0,23625.0,False,False
Senior Business Analyst,Mindbox Sp. z o.o.,Kraków,22050  – 25200  PLN,SQL,/pl/job/senior-business-analyst-mindbox-krakow-8,22050.0,25200.0,23625.0,False,False
Business Analyst,Mindbox Sp. z o.o.,Kraków,21000  – 24150  PLN,Data,/pl/job/business-analyst-mindbox-krakow-24,21000.0,24150.0,22575.0,False,False
Business Analyst,Mindbox Sp. z o.o.,Kraków,21000  – 24150  PLN,DevOps,/pl/job/business-analyst-mindbox-krakow-24,21000.0,24150.0,22575.0,False,False
Business Analyst,Mindbox Sp. z o.o.,Kraków,21000  – 24150  PLN,Stakeholder management,/pl/job/business-analyst-mindbox-krakow-24,21000.0,24150.0,22575.0,False,False
Business Systems Analyst III (Salesforce),Box Inc.,Warszawa,19000  PLN,Support,/pl/job/business-systems-analyst-iii-salesforce-box-warsaw,19000.0,,,False,False
Business Systems Analyst III (Salesforce),Box Inc.,Warszawa,19000  PLN,Salesforce,/pl/job/business-systems-analyst-iii-salesforce-box-warsaw,19000.0,,,False,False
Business Systems Analyst III (Salesforce),Box Inc.,Warszawa,19000  PLN,QA,/pl/job/business-systems-analyst-iii-salesforce-box-warsaw,19000.0,,,False,False
Business Systems Analyst III (Salesforce),Box Inc.,Warszawa,19000  PLN,API,/pl/job/business-systems-analyst-iii-salesforce-box-warsaw,19000.0,,,False,False
IT Business Analyst [M/F],Arche Solutions,Zdalnie,15120  – 18480  PLN,Business Analysis,/pl/job/it-business-analyst-m-f-arche-solutions-remote,15120.0,18480.0,16800.0,True,False
IT Business Analyst [M/F],Arche Solutions,Zdalnie,15120  – 18480  PLN,Sparx enterprise architect,/pl/job/it-business-analyst-m-f-arche-solutions-remote,15120.0,18480.0,16800.0,True,False
IT Business Analyst [M/F],Arche Solutions,Zdalnie,15120  – 18480  PLN,polski,/pl/job/it-business-analyst-m-f-arche-solutions-remote,15120.0,18480.0,16800.0,True,False
Business Analyst,Scalo,Warszawa,18480  – 20160  PLN,Data,/pl/job/business-analyst-scalo-warszawa-29,18480.0,20160.0,19320.0,False,True
Business Analyst,Scalo,Warszawa,18480  – 20160  PLN,Jira,/pl/job/business-analyst-scalo-warszawa-29,18480.0,20160.0,19320.0,False,True
Business Analyst,Scalo,Warszawa,18480  – 20160  PLN,Confluence,/pl/job/business-analyst-scalo-warszawa-29,18480.0,20160.0,19320.0,False,True
Business Analyst,Scalo,Warszawa,18480  – 20160  PLN,angielski,/pl/job/business-analyst-scalo-warszawa-29,18480.0,20160.0,19320.0,False,True
Business Analyst,Scalo,Warszawa,18480  – 20160  PLN,Data,/pl/job/business-analyst-scalo-warszawa-28,18480.0,20160.0,19320.0,False,False
Business Analyst,Scalo,Warszawa,18480  – 20160  PLN,Jira,/pl/job/business-analyst-scalo-warszawa-28,18480.0,20160.0,19320.0,False,False
Business Analyst,Scalo,Warszawa,18480  – 20160  PLN,Confluence,/pl/job/business-analyst-scalo-warszawa-28,18480.0,20160.0,19320.0,False,False
Business Analyst,Scalo,Warszawa,18480  – 20160  PLN,CA,/pl/job/business-analyst-scalo-warszawa-28,18480.0,20160.0,19320.0,False,False
Business-System Analyst,Scalo,Warszawa,18480  – 20160  PLN,Data,/pl/job/business-system-analyst-scalo-warszawa-6,18480.0,20160.0,19320.0,False,False
Business-System Analyst,Scalo,Warszawa,18480  – 20160  PLN,Jira,/pl/job/business-system-analyst-scalo-warszawa-6,18480.0,20160.0,19320.0,False,False
Business-System Analyst,Scalo,Warszawa,18480  – 20160  PLN,Confluence,/pl/job/business-system-analyst-scalo-warszawa-6,18480.0,20160.0,19320.0,False,False
Business-System Analyst,Scalo,Warszawa,18480  – 20160  PLN,Axure,/pl/job/business-system-analyst-scalo-warszawa-6,18480.0,20160.0,19320.0,False,False
Senior Business Analyst with SQL,GFT Poland,Łódź,13900  – 21270  PLN,Business Analysis,/pl/job/senior-business-analyst-with-sql-gft-poland-lodz,13900.0,21270.0,17585.0,False,False
Senior Business Analyst with SQL,GFT Poland,Łódź,13900  – 21270  PLN,SQL,/pl/job/senior-business-analyst-with-sql-gft-poland-lodz,13900.0,21270.0,17585.0,False,False
Senior Business Analyst with SQL,GFT Poland,Łódź,13900  – 21270  PLN,Business Analysis,/pl/job/senior-business-analyst-with-sql-gft-poland-lodz,13900.0,21270.0,17585.0,False,False
Senior Business Analyst with SQL,GFT Poland,Łódź,13900  – 21270  PLN,PL/SQL,/pl/job/senior-business-analyst-with-sql-gft-poland-lodz,13900.0,21270.0,17585.0,False,False
Business Analyst,HSBC Technology Poland,Kraków,18000  – 23000  PLN,Business Analysis,/pl/job/business-analyst-hsbc-technology-poland-krakow-4,18000.0,23000.0,20500.0,False,False
Business Analyst,HSBC Technology Poland,Kraków,18000  – 23000  PLN,Counterparty Credit Risk,/pl/job/business-analyst-hsbc-technology-poland-krakow-4,18000.0,23000.0,20500.0,False,False
Business Analyst,HSBC Technology Poland,Kraków,18000  – 23000  PLN,PFE,/pl/job/business-analyst-hsbc-technology-poland-krakow-4,18000.0,23000.0,20500.0,False,False
Business Analyst,HSBC Technology Poland,Kraków,18000  – 23000  PLN,CVA,/pl/job/business-analyst-hsbc-technology-poland-krakow-4,18000.0,23000.0,20500.0,False,False
Senior Business Analyst,Scalo,Warszawa,16800  – 18480  PLN,Business Analysis,/pl/job/senior-business-analyst-scalo-warszawa-5,16800.0,18480.0,17640.0,False,True
Senior Business Analyst,Scalo,Warszawa,16800  – 18480  PLN,Jira,/pl/job/senior-business-analyst-scalo-warszawa-5,16800.0,18480.0,17640.0,False,True
Senior Business Analyst,Scalo,Warszawa,16800  – 18480  PLN,Confluence,/pl/job/senior-business-analyst-scalo-warszawa-5,16800.0,18480.0,17640.0,False,True
Senior Business Analyst,Scalo,Warszawa,16800  – 18480  PLN,angielski,/pl/job/senior-business-analyst-scalo-warszawa-5,16800.0,18480.0,17640.0,False,True
Transformation Business Analyst,Verita HR,Kraków,23000  – 26000  PLN,Business Analysis,/pl/job/transformation-business-analyst-verita-hr-krakow,23000.0,26000.0,24500.0,False,False
Transformation Business Analyst,Verita HR,Kraków,23000  – 26000  PLN,Business Analysis,/pl/job/transformation-business-analyst-verita-hr-krakow,23000.0,26000.0,24500.0,False,False
Transformation Business Analyst,Verita HR,Kraków,23000  – 26000  PLN,Transformation initiatives,/pl/job/transformation-business-analyst-verita-hr-krakow,23000.0,26000.0,24500.0,False,False
Transformation Business Analyst,Verita HR,Kraków,23000  – 26000  PLN,Requirements gathering,/pl/job/transformation-business-analyst-verita-hr-krakow,23000.0,26000.0,24500.0,False,False
Business Analyst,Scalo,Warszawa,23520  – 25200  PLN,Data,/pl/job/business-analyst-scalo-warszawa-24,23520.0,25200.0,24360.0,False,True
Business Analyst,Scalo,Warszawa,23520  – 25200  PLN,angielski,/pl/job/business-analyst-scalo-warszawa-24,23520.0,25200.0,24360.0,False,True
Business Analyst,Scalo,Warszawa,23520  – 25200  PLN,polski,/pl/job/business-analyst-scalo-warszawa-24,23520.0,25200.0,24360.0,False,True
Business & Systems Analyst,PragmaGO.tech Sp. z o.o.,Kraków,10000  – 14500  PLN,Business Analysis,/pl/job/business-systems-analyst-pragmago-tech-krakow,10000.0,14500.0,12250.0,False,False
Business & Systems Analyst,PragmaGO.tech Sp. z o.o.,Kraków,10000  – 14500  PLN,Jira,/pl/job/business-systems-analyst-pragmago-tech-krakow,10000.0,14500.0,12250.0,False,False
Business & Systems Analyst,PragmaGO.tech Sp. z o.o.,Kraków,10000  – 14500  PLN,Confluence,/pl/job/business-systems-analyst-pragmago-tech-krakow,10000.0,14500.0,12250.0,False,False
Business & Systems Analyst,PragmaGO.tech Sp. z o.o.,Kraków,10000  – 14500  PLN,Miro,/pl/job/business-systems-analyst-pragmago-tech-krakow,10000.0,14500.0,12250.0,False,False
Business Analyst,Scalo,Zdalnie,21840  – 25200  PLN,Business Analysis,/pl/job/business-analyst-scalo-remote-7,21840.0,25200.0,23520.0,True,False
Business Analyst,Scalo,Zdalnie,21840  – 25200  PLN,BPMN,/pl/job/business-analyst-scalo-remote-7,21840.0,25200.0,23520.0,True,False
Business Analyst,Scalo,Zdalnie,21840  – 25200  PLN,UML,/pl/job/business-analyst-scalo-remote-7,21840.0,25200.0,23520.0,True,False
Business Analyst with second language (German/Spanish/French/Italian/Polish),Innowise,Warszawa,,Business Analysis,/pl/job/business-analyst-with-second-language-german-spanish-french-italian-polish-innowise-warsaw,,,,False,False
Business Analyst with second language (German/Spanish/French/Italian/Polish),Innowise,Warszawa,,BPMN,/pl/job/business-analyst-with-second-language-german-spanish-french-italian-polish-innowise-warsaw,,,,False,False
Business Analyst with second language (German/Spanish/French/Italian/Polish),Innowise,Warszawa,,User stories,/pl/job/business-analyst-with-second-language-german-spanish-french-italian-polish-innowise-warsaw,,,,False,False
Business Analyst with second language (German/Spanish/French/Italian/Polish),Innowise,Warszawa,,WBS,/pl/job/business-analyst-with-second-language-german-spanish-french-italian-polish-innowise-warsaw,,,,False,False
Senior Product Analyst  NOWA,Link Group,Zdalnie,19656  – 25200  PLN,Business Analysis,/pl/job/senior-product-analyst-link-group-remote,19656.0,25200.0,22428.0,True,False
Senior Product Analyst  NOWA,Link Group,Zdalnie,19656  – 25200  PLN,Pharma R&D,/pl/job/senior-product-analyst-link-group-remote,19656.0,25200.0,22428.0,True,False
Senior Product Analyst  NOWA,Link Group,Zdalnie,19656  – 25200  PLN,Procesy laboratoryjne,/pl/job/senior-product-analyst-link-group-remote,19656.0,25200.0,22428.0,True,False
Senior Product Analyst  NOWA,Link Group,Zdalnie,19656  – 25200  PLN,Zarządzanie danymi naukowymi,/pl/job/senior-product-analyst-link-group-remote,19656.0,25200.0,22428.0,True,False
Senior Product Analyst  NOWA,Upvanta,Zdalnie,24150  – 26880  PLN,Product Management,/pl/job/senior-product-analyst-upvanta-remote,24150.0,26880.0,25515.0,True,False
Senior Product Analyst  NOWA,Upvanta,Zdalnie,24150  – 26880  PLN,GXP,/pl/job/senior-product-analyst-upvanta-remote,24150.0,26880.0,25515.0,True,False
Senior Product Analyst  NOWA,Upvanta,Zdalnie,24150  – 26880  PLN,UAT,/pl/job/senior-product-analyst-upvanta-remote,24150.0,26880.0,25515.0,True,False
Senior Product Analyst  NOWA,Upvanta,Zdalnie,24150  – 26880  PLN,Jira,/pl/job/senior-product-analyst-upvanta-remote,24150.0,26880.0,25515.0,True,False
